"Day4","Day12","Day20","Day28","Day36","Day44","Day52","Day60","Day68","Day76","Day84","Day92","Day100","Day108","Day116","Day124","Day132","Day140","Day148","Day156","Day164","Day172","Day180","Day188","Day196","Day204","Day212","Day220","Day228","Day236","Day244","Day252","Day260","Day268","Day276","Day284","Day292","Day300","Day308","Day316","Day324","Day332","Day340","Day348","Day356","Day364"
0.2,0.1998,0.1996,0.1995,0.1994,0.1994,0.1994,0.1994,0.1994,0.1994,0.1994,0.1994,0.1994,0.1994,0.3239,0.4852,0.5619,0.6296,0.6538,0.6538,0.6336,0.6336,0.641,0.6484,0.6975,0.6975,0.6703,0.6703,0.6628,0.6298,0.622,0.6006,0.6005,0.5386,0.5161,0.3755,0.3045,0.2945,0.2922,0.2866,0.2852,0.265,0.265,0.2722,0.2748,0.2758
0.2564,0.2564,0.2564,0.2564,0.2564,0.2564,0.2564,0.2564,0.2563,0.2562,0.2561,0.2558,0.2555,0.2555,0.3318,0.5005,0.6428,0.6766,0.7019,0.7032,0.7048,0.7048,0.7048,0.7161,0.7271,0.7271,0.7271,0.7242,0.7242,0.699,0.6982,0.6982,0.6879,0.6784,0.6223,0.4702,0.3541,0.294,0.2811,0.2759,0.2759,0.2759,0.2652,0.2535,0.2535,0.254
0.2746,0.2741,0.2739,0.2737,0.2736,0.2735,0.2735,0.2735,0.2735,0.2735,0.2735,0.2735,0.2735,0.2735,0.3147,0.4381,0.537,0.55,0.5543,0.5717,0.6567,0.6686,0.6754,0.6754,0.6667,0.6667,0.6755,0.6755,0.6649,0.6504,0.649,0.6442,0.5696,0.5696,0.5696,0.3986,0.3184,0.3082,0.3068,0.3068,0.3117,0.3117,0.3012,0.2914,0.2914,0.2998
0.2537,0.2537,0.2537,0.2537,0.2538,0.2539,0.2541,0.2543,0.2547,0.2553,0.2561,0.2579,0.2593,0.265,0.3545,0.4825,0.6039,0.6117,0.6175,0.6234,0.6576,0.6822,0.6822,0.6822,0.6887,0.6993,0.7187,0.7187,0.7076,0.644,0.644,0.644,0.6231,0.6093,0.592,0.4747,0.3251,0.2893,0.2833,0.2833,0.2881,0.2881,0.282,0.2759,0.269,0.2651
0.2576,0.2576,0.2577,0.2577,0.2578,0.258,0.2582,0.2585,0.259,0.2598,0.2609,0.2633,0.2652,0.2728,0.3386,0.4551,0.5631,0.6551,0.6567,0.6663,0.6788,0.6904,0.6904,0.7093,0.7126,0.7189,0.7189,0.679,0.6542,0.6542,0.6636,0.6636,0.5819,0.5253,0.5141,0.3868,0.2966,0.2767,0.2744,0.271,0.252,0.2503,0.2503,0.2509,0.2533,0.2581
0.2495,0.2492,0.249,0.2489,0.2488,0.2487,0.2487,0.2487,0.2487,0.2487,0.2487,0.2487,0.2487,0.2487,0.3233,0.5511,0.5959,0.6158,0.6484,0.6614,0.6665,0.6665,0.6678,0.6678,0.6678,0.6693,0.6778,0.6778,0.6778,0.6389,0.603,0.5991,0.5914,0.5324,0.5205,0.3915,0.34,0.2785,0.2785,0.2785,0.2722,0.2379,0.2379,0.2409,0.2485,0.275
0.2035,0.2035,0.2035,0.2036,0.2037,0.2039,0.2042,0.2046,0.2052,0.2062,0.2076,0.2105,0.2129,0.2224,0.3077,0.5673,0.6284,0.675,0.7268,0.7268,0.7155,0.7155,0.7173,0.7175,0.723,0.7433,0.7433,0.7124,0.696,0.6836,0.6713,0.6392,0.6014,0.5999,0.5985,0.4607,0.304,0.2626,0.2468,0.2468,0.2468,0.2232,0.2122,0.2122,0.2384,0.239
0.2579,0.2576,0.2575,0.2574,0.2573,0.2573,0.2573,0.2573,0.2573,0.2573,0.2573,0.2573,0.2573,0.2573,0.3038,0.4685,0.6211,0.627,0.628,0.6378,0.6813,0.6815,0.6815,0.6815,0.6995,0.718,0.718,0.7132,0.7093,0.6976,0.6723,0.6699,0.6489,0.6086,0.5887,0.4638,0.3387,0.2976,0.2844,0.2821,0.2785,0.2666,0.2666,0.2722,0.2722,0.2531
0.2318,0.2318,0.2318,0.2319,0.232,0.2321,0.2323,0.2326,0.233,0.2338,0.2348,0.237,0.2388,0.2458,0.298,0.4177,0.5285,0.6021,0.6035,0.605,0.6371,0.6417,0.6417,0.6568,0.6568,0.6568,0.6591,0.6591,0.6421,0.6333,0.6276,0.6276,0.6085,0.5805,0.5322,0.3761,0.3143,0.2684,0.2663,0.2643,0.2643,0.2719,0.2719,0.2701,0.2635,0.2635
0.2298,0.2298,0.2299,0.2299,0.23,0.2301,0.2303,0.2306,0.231,0.2317,0.2326,0.2346,0.2362,0.2426,0.3079,0.5057,0.6078,0.6301,0.638,0.6668,0.6668,0.6698,0.7036,0.7052,0.7052,0.7052,0.6951,0.6951,0.6855,0.6826,0.655,0.6327,0.6233,0.6011,0.5501,0.4507,0.2885,0.2469,0.2442,0.2442,0.2442,0.23,0.2133,0.1966,0.1966,0.2148
0.2883,0.288,0.2878,0.2877,0.2876,0.2876,0.2876,0.2876,0.2876,0.2876,0.2876,0.2876,0.2876,0.2876,0.322,0.4876,0.6158,0.626,0.6322,0.6404,0.6571,0.658,0.6764,0.6764,0.6698,0.6639,0.6595,0.6524,0.627,0.6014,0.5968,0.5819,0.5637,0.5419,0.5309,0.4621,0.3758,0.3407,0.3288,0.3034,0.2995,0.2976,0.2838,0.2831,0.2831,0.2826
0.2714,0.2714,0.2714,0.2714,0.2714,0.2714,0.2713,0.2712,0.2711,0.2708,0.2705,0.2699,0.2693,0.2693,0.3153,0.4655,0.5818,0.6286,0.6814,0.6887,0.6887,0.696,0.7141,0.729,0.7608,0.7608,0.7242,0.7242,0.7247,0.7247,0.6964,0.6686,0.6542,0.6079,0.5921,0.4622,0.3457,0.3082,0.3079,0.3036,0.2979,0.2804,0.2795,0.2787,0.2753,0.2753
0.2698,0.2697,0.2697,0.2697,0.2697,0.2697,0.2697,0.2697,0.2697,0.2697,0.2697,0.2697,0.2697,0.2697,0.3225,0.4341,0.53,0.5944,0.6026,0.6214,0.6403,0.6487,0.6571,0.6656,0.6656,0.6481,0.6443,0.6417,0.6417,0.6303,0.6146,0.6033,0.5679,0.5564,0.5201,0.4429,0.3079,0.2919,0.2777,0.2777,0.2777,0.2772,0.2728,0.269,0.269,0.2734
0.2699,0.2697,0.2697,0.2696,0.2696,0.2696,0.2696,0.2696,0.2696,0.2696,0.2696,0.2696,0.2696,0.2696,0.3246,0.4334,0.5322,0.6187,0.6499,0.6499,0.6499,0.6499,0.6637,0.6637,0.6822,0.6822,0.6512,0.6445,0.6444,0.6407,0.6352,0.6336,0.614,0.5655,0.555,0.425,0.3555,0.3349,0.2978,0.2977,0.2977,0.2977,0.3066,0.3075,0.3075,0.2861
0.2616,0.2616,0.2617,0.2618,0.2619,0.2622,0.2625,0.2631,0.2639,0.2653,0.2671,0.271,0.2742,0.2869,0.3206,0.3817,0.4854,0.5378,0.5483,0.5665,0.6014,0.6108,0.6108,0.6108,0.5989,0.5822,0.5805,0.5753,0.5702,0.5571,0.5333,0.5227,0.5124,0.4887,0.4482,0.3807,0.3276,0.3196,0.3019,0.3019,0.2991,0.2863,0.2831,0.2752,0.2677,0.2677
0.2758,0.2758,0.2758,0.2758,0.2758,0.2758,0.2758,0.2758,0.2758,0.2758,0.2758,0.2757,0.2756,0.2756,0.347,0.4435,0.5215,0.5621,0.5652,0.5884,0.5891,0.5952,0.6491,0.6568,0.6625,0.6625,0.6439,0.6266,0.6055,0.5875,0.5875,0.5875,0.5579,0.4768,0.4721,0.4078,0.2992,0.2794,0.272,0.272,0.272,0.2613,0.2586,0.2586,0.2782,0.2782
0.2542,0.2542,0.2542,0.2542,0.2542,0.2541,0.2541,0.254,0.2538,0.2536,0.2533,0.2526,0.2521,0.2521,0.3107,0.4591,0.5943,0.5998,0.5998,0.6124,0.6627,0.6861,0.6968,0.7055,0.7055,0.7128,0.7128,0.6999,0.682,0.682,0.682,0.675,0.6259,0.5869,0.5749,0.4527,0.3158,0.2746,0.2679,0.2655,0.2571,0.2423,0.2423,0.2478,0.2499,0.2502
0.2496,0.2496,0.2496,0.2496,0.2496,0.2496,0.2496,0.2496,0.2496,0.2496,0.2497,0.2498,0.2499,0.2503,0.298,0.4333,0.5317,0.5432,0.553,0.5566,0.61,0.6151,0.6206,0.6206,0.6549,0.6549,0.6476,0.6476,0.6447,0.6258,0.61,0.5836,0.5155,0.5155,0.5155,0.3725,0.2755,0.2637,0.2637,0.2652,0.2652,0.2591,0.2571,0.2562,0.2482,0.248
0.2516,0.2515,0.2514,0.2514,0.2514,0.2514,0.2514,0.2514,0.2514,0.2514,0.2514,0.2514,0.2514,0.2514,0.2966,0.4158,0.5598,0.5772,0.5903,0.6035,0.623,0.6552,0.6678,0.6954,0.6954,0.6954,0.6921,0.6838,0.6706,0.6477,0.6452,0.6336,0.6032,0.5385,0.5339,0.4016,0.322,0.3025,0.2822,0.2664,0.2619,0.2552,0.2552,0.261,0.261,0.2402
0.2475,0.2475,0.2475,0.2474,0.2474,0.2473,0.2471,0.2469,0.2466,0.246,0.2453,0.2437,0.2424,0.2424,0.2935,0.4011,0.5711,0.5865,0.5945,0.6093,0.6268,0.6542,0.6657,0.6801,0.6827,0.6827,0.683,0.683,0.683,0.6539,0.6437,0.639,0.6088,0.5532,0.544,0.3978,0.3101,0.2876,0.2759,0.2642,0.2564,0.2437,0.2437,0.2557,0.2557,0.2424
0.2092,0.2092,0.2093,0.2094,0.2095,0.2097,0.2101,0.2106,0.2114,0.2128,0.2146,0.2185,0.2216,0.2341,0.3249,0.5023,0.6353,0.6382,0.6404,0.6421,0.6489,0.7166,0.7166,0.7166,0.7244,0.7344,0.7344,0.6981,0.6981,0.6981,0.6604,0.6516,0.6516,0.6516,0.5883,0.432,0.2907,0.2334,0.2334,0.2403,0.2403,0.2092,0.207,0.207,0.215,0.2257
0.2521,0.2521,0.2521,0.2521,0.2521,0.2521,0.2521,0.2521,0.2521,0.2521,0.2521,0.2521,0.2521,0.2522,0.3165,0.4472,0.5101,0.5393,0.5539,0.5832,0.6123,0.6256,0.6603,0.6847,0.6848,0.6848,0.6848,0.6683,0.6502,0.6495,0.6266,0.6071,0.5602,0.5272,0.5195,0.4299,0.3438,0.2993,0.2753,0.2743,0.2743,0.2685,0.2685,0.2614,0.2436,0.2418
0.1883,0.1881,0.188,0.1879,0.1878,0.1878,0.1878,0.1878,0.1878,0.1878,0.1878,0.1878,0.1878,0.1878,0.3148,0.4031,0.5036,0.5193,0.5319,0.5384,0.5821,0.6118,0.6333,0.6408,0.6408,0.6328,0.6245,0.6245,0.6245,0.603,0.5756,0.5683,0.5195,0.4585,0.4403,0.3352,0.2821,0.2582,0.2472,0.2405,0.2209,0.2113,0.2113,0.2113,0.2113,0.2114
0.2415,0.2415,0.2416,0.2417,0.2418,0.2421,0.2425,0.2431,0.244,0.2457,0.2477,0.2523,0.2559,0.2704,0.3075,0.3783,0.541,0.6171,0.6217,0.6355,0.6355,0.633,0.633,0.633,0.6307,0.6307,0.6179,0.6179,0.6282,0.6282,0.5872,0.5548,0.5051,0.478,0.4733,0.342,0.2997,0.2977,0.2929,0.2911,0.2911,0.2911,0.2921,0.2938,0.2938,0.2631
0.252,0.252,0.252,0.252,0.252,0.2521,0.2522,0.2524,0.2526,0.253,0.2535,0.2547,0.2556,0.2593,0.337,0.5645,0.6361,0.6764,0.6764,0.6764,0.6863,0.6949,0.7234,0.7234,0.7234,0.7209,0.7209,0.7074,0.6854,0.6854,0.692,0.692,0.6787,0.6503,0.5974,0.4304,0.2871,0.2688,0.2688,0.2695,0.2695,0.2426,0.2426,0.2481,0.256,0.256
0.255,0.255,0.255,0.2551,0.2551,0.2552,0.2554,0.2556,0.256,0.2566,0.2574,0.2592,0.2606,0.2663,0.3559,0.5703,0.5973,0.6493,0.669,0.669,0.669,0.6763,0.705,0.7057,0.7172,0.7287,0.7339,0.7378,0.7378,0.7144,0.6501,0.6407,0.6407,0.6407,0.5709,0.4284,0.3332,0.2909,0.2898,0.2898,0.2903,0.2903,0.2799,0.2632,0.2613,0.2613
0.2234,0.2234,0.2235,0.2236,0.2238,0.2241,0.2245,0.2252,0.2262,0.2281,0.23,0.2359,0.2373,0.2598,0.3407,0.5047,0.6093,0.6477,0.6753,0.6763,0.6774,0.6774,0.6623,0.6623,0.6781,0.6787,0.6787,0.6779,0.663,0.651,0.6092,0.6081,0.6077,0.5656,0.5102,0.4077,0.3171,0.284,0.2731,0.259,0.2506,0.2328,0.2279,0.2177,0.2177,0.2108
0.2816,0.2816,0.2816,0.2816,0.2816,0.2816,0.2816,0.2816,0.2816,0.2816,0.2816,0.2816,0.2816,0.2817,0.3237,0.3921,0.4787,0.4926,0.4973,0.516,0.5775,0.5791,0.5823,0.5878,0.59,0.6172,0.6191,0.6191,0.5704,0.5484,0.5424,0.5379,0.5312,0.465,0.4426,0.3655,0.3133,0.2889,0.2877,0.2877,0.2865,0.2378,0.2378,0.2378,0.157,0.156
0.2306,0.2306,0.2306,0.2306,0.2307,0.2308,0.231,0.2312,0.2316,0.2322,0.233,0.2347,0.2361,0.2416,0.3263,0.4704,0.5731,0.6224,0.6508,0.6508,0.6255,0.6255,0.6434,0.6524,0.6592,0.6592,0.6389,0.6221,0.6208,0.6133,0.6133,0.5652,0.5652,0.5652,0.5115,0.3731,0.3224,0.2898,0.2846,0.283,0.283,0.283,0.2783,0.2525,0.2512,0.2486
0.284,0.284,0.284,0.284,0.2839,0.2839,0.2838,0.2837,0.2836,0.2833,0.283,0.2823,0.2817,0.2817,0.3456,0.5,0.5822,0.5944,0.6044,0.6089,0.6669,0.696,0.696,0.696,0.6999,0.6999,0.6902,0.6902,0.6935,0.6935,0.6865,0.6686,0.6201,0.6201,0.6201,0.4732,0.3744,0.3499,0.3329,0.3205,0.316,0.3116,0.3116,0.313,0.3163,0.3163
0.2696,0.2697,0.2697,0.2697,0.2697,0.2697,0.2697,0.2697,0.2697,0.2697,0.2697,0.2697,0.2697,0.2697,0.2815,0.4342,0.5576,0.5747,0.5828,0.6008,0.6152,0.6525,0.6525,0.6441,0.6441,0.6585,0.6585,0.6463,0.6463,0.6366,0.5902,0.5612,0.5256,0.5181,0.4634,0.3913,0.3129,0.2845,0.2448,0.2448,0.2503,0.2503,0.2458,0.2413,0.2413,0.2492
0.2783,0.2782,0.2781,0.2781,0.2781,0.2781,0.2781,0.2781,0.2781,0.2781,0.2781,0.2781,0.2781,0.2781,0.3102,0.4202,0.4986,0.5096,0.5442,0.5789,0.5789,0.5789,0.6189,0.6189,0.6189,0.6153,0.6041,0.603,0.6006,0.58,0.5486,0.5472,0.5076,0.4836,0.4713,0.4276,0.3164,0.3004,0.2967,0.2944,0.2658,0.2658,0.2668,0.269,0.2709,0.2709
0.246,0.246,0.2461,0.2461,0.2462,0.2463,0.2464,0.2467,0.247,0.2477,0.2485,0.2503,0.2518,0.2576,0.3279,0.5257,0.6183,0.6815,0.6815,0.6814,0.6814,0.6814,0.7049,0.7118,0.713,0.7334,0.7334,0.7215,0.7097,0.6951,0.6706,0.669,0.6597,0.6017,0.524,0.4409,0.3079,0.2683,0.2683,0.2696,0.2696,0.2437,0.2437,0.2591,0.2634,0.2641
0.2593,0.2592,0.2591,0.2591,0.2591,0.2591,0.2591,0.2591,0.2591,0.2591,0.2591,0.2591,0.2591,0.2591,0.3263,0.4365,0.5198,0.6278,0.6768,0.6768,0.6768,0.6714,0.6714,0.6714,0.6985,0.6985,0.6985,0.6949,0.6949,0.6902,0.639,0.5906,0.5782,0.5632,0.5465,0.4636,0.3166,0.2977,0.2852,0.2804,0.2728,0.272,0.272,0.272,0.2546,0.2546
0.1925,0.1925,0.1926,0.1927,0.1929,0.1931,0.1935,0.1942,0.1951,0.1967,0.1988,0.2033,0.2069,0.2213,0.3299,0.5046,0.622,0.6829,0.7224,0.7224,0.7057,0.7057,0.7057,0.7027,0.7027,0.7039,0.7039,0.6889,0.6699,0.6666,0.6416,0.6283,0.5819,0.5789,0.576,0.3865,0.2969,0.2679,0.2551,0.2551,0.2635,0.2635,0.2533,0.2425,0.2343,0.2343
0.2575,0.2574,0.2574,0.2574,0.2574,0.2574,0.2574,0.2574,0.2574,0.2574,0.2574,0.2574,0.2574,0.2574,0.3019,0.4293,0.5403,0.6091,0.652,0.6555,0.6555,0.656,0.6563,0.6591,0.6594,0.6602,0.6602,0.6504,0.649,0.6321,0.6046,0.6011,0.5951,0.5441,0.5158,0.368,0.3148,0.2827,0.2815,0.2815,0.277,0.2661,0.2642,0.2592,0.2534,0.2534
0.2499,0.2498,0.2497,0.2497,0.2497,0.2497,0.2497,0.2497,0.2497,0.2497,0.2497,0.2497,0.2497,0.2507,0.3042,0.4683,0.5822,0.6019,0.6261,0.6283,0.6283,0.6308,0.6308,0.636,0.6615,0.6615,0.6383,0.6215,0.6095,0.6067,0.59,0.59,0.5768,0.5768,0.5388,0.4042,0.3228,0.3163,0.3098,0.2783,0.2619,0.258,0.2533,0.2032,0.2032,0.2426
0.1991,0.1991,0.1991,0.1992,0.1993,0.1995,0.1998,0.2002,0.2008,0.2018,0.2032,0.2061,0.2085,0.2179,0.3274,0.4778,0.5939,0.6066,0.6108,0.6278,0.6902,0.6951,0.7018,0.7123,0.7123,0.7123,0.7045,0.6974,0.6075,0.6075,0.6105,0.6105,0.578,0.5237,0.5151,0.388,0.266,0.242,0.2281,0.2167,0.2167,0.2167,0.2119,0.2119,0.2048,0.2048
0.1978,0.1978,0.1979,0.198,0.1982,0.1985,0.1989,0.1995,0.2005,0.2022,0.2044,0.2091,0.2129,0.2281,0.3132,0.4494,0.5471,0.6059,0.6059,0.6059,0.6441,0.6441,0.6441,0.6619,0.6687,0.6741,0.6741,0.663,0.6374,0.6248,0.6158,0.5852,0.5536,0.5283,0.5027,0.3646,0.2669,0.2343,0.2343,0.236,0.236,0.2151,0.2151,0.2144,0.2144,0.2128
0.2277,0.2276,0.2276,0.2276,0.2276,0.2276,0.2276,0.2276,0.2276,0.2276,0.2276,0.2276,0.2276,0.2276,0.2597,0.3405,0.4436,0.4989,0.528,0.546,0.5685,0.5815,0.6094,0.6365,0.6415,0.6415,0.5944,0.5657,0.5407,0.5249,0.5218,0.5211,0.5066,0.4465,0.4108,0.3035,0.2971,0.2886,0.2731,0.2704,0.2674,0.2328,0.2328,0.2377,0.2501,0.2574
0.2542,0.2542,0.2542,0.2542,0.2542,0.2542,0.2543,0.2544,0.2546,0.2549,0.2553,0.2561,0.2567,0.2593,0.3379,0.4658,0.5528,0.5788,0.5983,0.6179,0.6534,0.6616,0.6846,0.6922,0.6979,0.7011,0.7011,0.6764,0.6656,0.6646,0.6504,0.6418,0.6418,0.5855,0.5673,0.4501,0.3329,0.3098,0.2905,0.2713,0.2662,0.266,0.2646,0.2646,0.2632,0.2508
0.2819,0.2817,0.2816,0.2815,0.2815,0.2814,0.2814,0.2814,0.2814,0.2814,0.2814,0.2814,0.2814,0.2814,0.2856,0.3863,0.4814,0.5427,0.5571,0.5606,0.5963,0.5999,0.6097,0.6404,0.6404,0.6386,0.6215,0.5965,0.5952,0.5811,0.5648,0.556,0.5104,0.493,0.4757,0.4154,0.3292,0.3085,0.3064,0.2988,0.2894,0.265,0.2467,0.2467,0.2696,0.2696
0.2637,0.2637,0.2637,0.2637,0.2637,0.2638,0.2639,0.264,0.2642,0.2645,0.2649,0.2659,0.2666,0.2696,0.3386,0.4383,0.5134,0.6152,0.6467,0.6481,0.6481,0.6481,0.6495,0.6503,0.6717,0.682,0.6844,0.6849,0.6853,0.6853,0.6166,0.5778,0.5625,0.537,0.5288,0.4019,0.346,0.3395,0.3036,0.3002,0.2986,0.2943,0.2895,0.2848,0.2848,0.2851
0.1932,0.1923,0.1917,0.1913,0.1911,0.1909,0.1908,0.1907,0.1907,0.1907,0.1907,0.1907,0.1907,0.1907,0.3176,0.4666,0.592,0.6303,0.6878,0.6878,0.6851,0.6817,0.6817,0.6817,0.695,0.695,0.6816,0.6607,0.6319,0.6046,0.599,0.599,0.6006,0.6006,0.5564,0.4071,0.3346,0.32,0.3046,0.2943,0.2767,0.2587,0.2587,0.2788,0.2788,0.2763
0.2414,0.2413,0.2412,0.2411,0.2411,0.2411,0.2411,0.2411,0.2411,0.2411,0.2411,0.2411,0.2411,0.2411,0.3291,0.5029,0.6498,0.664,0.6695,0.6869,0.6869,0.6916,0.7275,0.7275,0.7157,0.7002,0.6948,0.6732,0.6534,0.6495,0.6389,0.6219,0.5859,0.577,0.568,0.415,0.3286,0.3045,0.2989,0.2816,0.281,0.2639,0.2632,0.2626,0.2573,0.2573
0.2479,0.2478,0.2477,0.2477,0.2477,0.2477,0.2477,0.2477,0.2477,0.2477,0.2477,0.2477,0.2477,0.2486,0.3373,0.5216,0.6175,0.6745,0.698,0.698,0.6972,0.6765,0.6765,0.6933,0.7234,0.7234,0.7087,0.6923,0.6923,0.6881,0.6371,0.6286,0.6286,0.6157,0.5536,0.4328,0.3165,0.2646,0.2646,0.2613,0.2613,0.2363,0.2347,0.2283,0.2283,0.2331
0.2607,0.26,0.2599,0.2599,0.2599,0.2598,0.2598,0.2597,0.2597,0.2597,0.2597,0.2597,0.2597,0.2597,0.3666,0.4736,0.6229,0.6285,0.6319,0.6364,0.6455,0.6539,0.6543,0.6761,0.6973,0.6973,0.6636,0.6563,0.6563,0.6574,0.6574,0.6484,0.5795,0.5432,0.5406,0.3916,0.3102,0.2864,0.2727,0.2591,0.2591,0.259,0.2581,0.2492,0.247,0.2403
0.248,0.248,0.248,0.248,0.248,0.248,0.248,0.2481,0.2482,0.2484,0.2486,0.2491,0.2495,0.2511,0.3092,0.4688,0.6153,0.6348,0.637,0.6718,0.6733,0.6744,0.6748,0.6792,0.6913,0.6991,0.6991,0.692,0.6743,0.6692,0.6625,0.6503,0.6064,0.5591,0.5446,0.4525,0.323,0.3021,0.2813,0.2647,0.2536,0.2404,0.2355,0.2339,0.2339,0.2515
0.2583,0.2583,0.2583,0.2583,0.2583,0.2583,0.2583,0.2583,0.2583,0.2583,0.2583,0.2583,0.2583,0.2583,0.3138,0.4836,0.6206,0.6624,0.7043,0.7043,0.7025,0.7025,0.7059,0.7072,0.7072,0.7137,0.7137,0.7137,0.7105,0.6695,0.6695,0.6797,0.6797,0.6257,0.577,0.4413,0.3454,0.286,0.2841,0.2836,0.2807,0.262,0.2594,0.2592,0.2592,0.2592
0.2592,0.2591,0.259,0.259,0.259,0.259,0.259,0.259,0.259,0.259,0.259,0.259,0.259,0.259,0.306,0.428,0.5529,0.5693,0.5817,0.5941,0.6252,0.6293,0.6711,0.6885,0.6885,0.6885,0.6717,0.6663,0.6591,0.6591,0.6294,0.6204,0.6068,0.5529,0.5065,0.3872,0.3143,0.2819,0.2787,0.2748,0.2747,0.271,0.2683,0.2656,0.2471,0.2471
0.26,0.26,0.26,0.2601,0.2602,0.2603,0.2606,0.2609,0.2615,0.2624,0.2636,0.2663,0.2684,0.2768,0.3475,0.4844,0.5886,0.622,0.643,0.644,0.644,0.644,0.6381,0.6381,0.6582,0.6768,0.6768,0.6768,0.6571,0.6523,0.6523,0.6488,0.6453,0.6401,0.5663,0.4186,0.3365,0.3153,0.3119,0.3088,0.3088,0.2984,0.2984,0.2986,0.2986,0.2984
0.1897,0.1884,0.1875,0.1869,0.1866,0.1863,0.1862,0.1861,0.186,0.186,0.186,0.186,0.186,0.186,0.3034,0.498,0.6094,0.6196,0.6289,0.6309,0.6661,0.6839,0.6839,0.6767,0.6767,0.7265,0.7588,0.7831,0.7831,0.7706,0.6739,0.6663,0.5984,0.5917,0.5851,0.4473,0.3471,0.3234,0.3145,0.3069,0.3057,0.281,0.281,0.2812,0.2812,0.2439
0.3015,0.3015,0.3015,0.3015,0.3015,0.3015,0.3015,0.3015,0.3015,0.3015,0.3015,0.3015,0.3015,0.3015,0.3578,0.4296,0.5108,0.6041,0.6041,0.5962,0.5962,0.5962,0.6065,0.625,0.6257,0.6274,0.6274,0.6265,0.6246,0.6228,0.6034,0.5987,0.5828,0.5206,0.4998,0.4159,0.3385,0.3138,0.2959,0.2959,0.298,0.298,0.2904,0.2904,0.2874,0.2664
0.2738,0.2734,0.2731,0.2729,0.2728,0.2727,0.2727,0.2727,0.2727,0.2727,0.2727,0.2727,0.2727,0.2727,0.2794,0.4635,0.5852,0.5984,0.6426,0.6426,0.6402,0.6402,0.6495,0.6495,0.6495,0.6495,0.6478,0.6478,0.6462,0.625,0.5854,0.5854,0.5796,0.5796,0.5122,0.4241,0.3347,0.3199,0.318,0.3162,0.3003,0.2835,0.2824,0.2813,0.2708,0.2708
0.2701,0.2701,0.2701,0.2701,0.2702,0.2703,0.2704,0.2706,0.2709,0.2715,0.2722,0.2737,0.2749,0.2798,0.3517,0.4698,0.5728,0.5927,0.6077,0.6227,0.6645,0.6664,0.6683,0.6798,0.6837,0.6918,0.6918,0.6918,0.6775,0.6757,0.6622,0.6449,0.6364,0.5967,0.553,0.4732,0.3542,0.3304,0.329,0.3274,0.3258,0.3025,0.2987,0.295,0.2914,0.2841
0.2765,0.2765,0.2765,0.2765,0.2765,0.2765,0.2764,0.2764,0.2763,0.2761,0.2759,0.2755,0.2752,0.2752,0.3106,0.4412,0.5598,0.5774,0.59,0.6002,0.6403,0.6411,0.6439,0.6617,0.6706,0.6825,0.6825,0.6733,0.673,0.6639,0.6554,0.6209,0.5901,0.5464,0.5234,0.4375,0.3459,0.3215,0.2863,0.2863,0.2932,0.2932,0.2789,0.2789,0.2846,0.2846
0.2587,0.2587,0.2587,0.2587,0.2587,0.2587,0.2587,0.2587,0.2587,0.2587,0.2587,0.2588,0.2588,0.2589,0.3026,0.594,0.6149,0.6723,0.7041,0.7041,0.6737,0.6737,0.6915,0.6987,0.6987,0.7193,0.7193,0.683,0.6724,0.6645,0.6531,0.6374,0.6025,0.5813,0.5796,0.4438,0.3424,0.2846,0.2762,0.2762,0.2711,0.2711,0.2649,0.2648,0.2648,0.2666
0.2818,0.2816,0.2815,0.2814,0.2814,0.2814,0.2814,0.2814,0.2814,0.2814,0.2814,0.2814,0.2814,0.2814,0.3304,0.5343,0.5776,0.6121,0.6142,0.6207,0.6466,0.6523,0.6841,0.6841,0.6638,0.6514,0.644,0.644,0.6413,0.6413,0.6121,0.5998,0.5983,0.5968,0.5403,0.4133,0.3423,0.2924,0.2917,0.289,0.2869,0.2784,0.275,0.275,0.2783,0.2783
0.2478,0.2479,0.2479,0.248,0.2481,0.2483,0.2486,0.249,0.2497,0.2506,0.2525,0.2543,0.2602,0.2615,0.2838,0.3596,0.4675,0.4787,0.4887,0.4912,0.522,0.5287,0.5287,0.5408,0.553,0.5531,0.5568,0.574,0.574,0.5164,0.4983,0.4926,0.4879,0.41,0.4042,0.3417,0.2612,0.2558,0.2558,0.2558,0.2377,0.2377,0.2394,0.2412,0.2438,0.2517
0.2717,0.2715,0.2714,0.2713,0.2713,0.2713,0.2713,0.2713,0.2713,0.2713,0.2713,0.2713,0.2713,0.2713,0.3158,0.4674,0.5734,0.6074,0.6074,0.6074,0.6289,0.6436,0.6648,0.6876,0.6923,0.698,0.699,0.699,0.699,0.6942,0.6836,0.6754,0.6749,0.6315,0.5988,0.4895,0.356,0.3288,0.3275,0.3216,0.3201,0.3201,0.3151,0.3101,0.2985,0.2985
0.2416,0.2416,0.2417,0.2418,0.242,0.2423,0.2428,0.2435,0.2445,0.2463,0.2486,0.2536,0.2576,0.2736,0.3457,0.4858,0.5747,0.6437,0.6437,0.6437,0.6663,0.6906,0.7004,0.7025,0.7046,0.7087,0.7087,0.6952,0.6741,0.6719,0.6444,0.6173,0.5826,0.5393,0.5379,0.4096,0.316,0.2745,0.2745,0.2893,0.2893,0.2893,0.2807,0.2731,0.2671,0.2671
0.2337,0.2337,0.2337,0.2337,0.2337,0.2337,0.2337,0.2338,0.2339,0.2341,0.2343,0.2347,0.2351,0.2365,0.324,0.5021,0.6177,0.637,0.645,0.6676,0.6676,0.677,0.6896,0.7001,0.7116,0.7126,0.7126,0.7124,0.7123,0.6696,0.6668,0.6539,0.6395,0.6029,0.5595,0.4634,0.3053,0.2506,0.2439,0.2369,0.2369,0.217,0.217,0.2171,0.2173,0.2173
0.2836,0.2836,0.2835,0.2835,0.2835,0.2835,0.2835,0.2835,0.2835,0.2835,0.2835,0.2835,0.2835,0.2835,0.297,0.4003,0.4917,0.5215,0.5288,0.5467,0.5554,0.5599,0.6231,0.6404,0.6407,0.6476,0.6482,0.6482,0.6482,0.6304,0.5552,0.5452,0.536,0.4891,0.4827,0.3678,0.345,0.3394,0.3001,0.2867,0.2838,0.2828,0.2638,0.2552,0.2552,0.2808
0.2034,0.2031,0.2029,0.2028,0.2027,0.2027,0.2027,0.2027,0.2027,0.2027,0.2027,0.2027,0.2027,0.2027,0.3136,0.395,0.4743,0.5502,0.5529,0.5557,0.5998,0.6006,0.6302,0.6406,0.6406,0.632,0.6232,0.6161,0.6064,0.5611,0.5611,0.5611,0.5217,0.4557,0.4044,0.3571,0.3099,0.2898,0.2881,0.2864,0.284,0.2579,0.2579,0.2609,0.2671,0.2728
0.181,0.1801,0.1795,0.1791,0.1789,0.1787,0.1786,0.1785,0.1785,0.1785,0.1785,0.1785,0.1785,0.1785,0.2962,0.4619,0.6131,0.6185,0.6185,0.6307,0.6797,0.6985,0.7076,0.7088,0.71,0.7129,0.7129,0.6974,0.6885,0.6839,0.683,0.6673,0.6285,0.594,0.578,0.4494,0.3082,0.2766,0.2713,0.2678,0.2643,0.2484,0.2484,0.2589,0.2589,0.2553
0.2444,0.2445,0.2445,0.2446,0.2448,0.245,0.2453,0.2458,0.2466,0.248,0.2497,0.2535,0.2565,0.2686,0.3604,0.4936,0.5753,0.6331,0.6372,0.6415,0.6526,0.6633,0.6661,0.6746,0.677,0.6915,0.6915,0.6899,0.6756,0.6599,0.638,0.6127,0.5943,0.552,0.5397,0.3911,0.2972,0.2778,0.276,0.276,0.2647,0.2504,0.2464,0.2464,0.2553,0.2558
0.2554,0.2554,0.2554,0.2554,0.2555,0.2556,0.2557,0.2559,0.2562,0.2568,0.2575,0.2591,0.2604,0.2655,0.3207,0.4101,0.4925,0.5066,0.5191,0.5226,0.5691,0.591,0.591,0.5966,0.6041,0.6041,0.604,0.589,0.5855,0.5838,0.5712,0.5516,0.5257,0.4876,0.4495,0.3928,0.3222,0.2984,0.2809,0.2738,0.2729,0.2729,0.2716,0.2716,0.2665,0.2633
0.2474,0.2474,0.2474,0.2474,0.2474,0.2474,0.2474,0.2474,0.2474,0.2474,0.2474,0.2474,0.2474,0.2474,0.3097,0.4195,0.535,0.5617,0.5817,0.6018,0.6352,0.6561,0.6852,0.715,0.724,0.724,0.6961,0.6918,0.6806,0.6692,0.6395,0.6375,0.6092,0.5408,0.5275,0.4183,0.307,0.2749,0.2741,0.2664,0.2629,0.255,0.2529,0.2529,0.2538,0.2616
0.2634,0.2634,0.2634,0.2634,0.2635,0.2636,0.2637,0.264,0.2643,0.2649,0.2657,0.2674,0.2688,0.2743,0.3295,0.4909,0.5898,0.6528,0.6528,0.6528,0.6645,0.6943,0.6943,0.692,0.692,0.692,0.6418,0.6418,0.6725,0.6725,0.6449,0.644,0.6285,0.6102,0.5637,0.4241,0.3239,0.284,0.2602,0.2602,0.2793,0.2793,0.2771,0.266,0.265,0.265
0.256,0.256,0.256,0.256,0.256,0.256,0.256,0.256,0.256,0.256,0.256,0.2561,0.2562,0.2565,0.3213,0.4694,0.5709,0.5816,0.5893,0.5954,0.6198,0.62,0.6523,0.6523,0.6523,0.6523,0.6587,0.6587,0.681,0.681,0.654,0.623,0.623,0.623,0.5035,0.3996,0.3323,0.2933,0.2765,0.2688,0.2688,0.2688,0.2534,0.2343,0.2343,0.2356
0.2291,0.2291,0.2292,0.2293,0.2295,0.2297,0.2301,0.2307,0.2315,0.2331,0.235,0.2393,0.2428,0.2565,0.3521,0.4961,0.5915,0.6267,0.6505,0.6598,0.6629,0.6629,0.6711,0.6711,0.662,0.6544,0.6537,0.6537,0.6508,0.6418,0.6384,0.6072,0.5664,0.5212,0.486,0.3796,0.3184,0.2748,0.2711,0.2674,0.2652,0.2652,0.2652,0.2616,0.2512,0.2405
0.262,0.262,0.2621,0.2622,0.2623,0.2626,0.2629,0.2635,0.2643,0.2657,0.2675,0.2714,0.2746,0.2873,0.3665,0.5451,0.5715,0.5903,0.5903,0.5903,0.6035,0.6316,0.6459,0.6459,0.6459,0.6486,0.6486,0.6486,0.6494,0.6494,0.6121,0.5948,0.5766,0.562,0.5499,0.4033,0.3485,0.3043,0.3014,0.3014,0.2985,0.2936,0.2924,0.288,0.288,0.2895
0.3067,0.3067,0.3067,0.3067,0.3067,0.3067,0.3067,0.3067,0.3068,0.3069,0.307,0.3072,0.3074,0.3082,0.3572,0.4578,0.5787,0.6272,0.6691,0.6691,0.6644,0.6644,0.6943,0.6956,0.7112,0.7112,0.7065,0.7018,0.6971,0.6723,0.6605,0.6481,0.6443,0.5703,0.5238,0.4411,0.3294,0.3196,0.3179,0.2999,0.2978,0.2823,0.2628,0.2628,0.2767,0.2778
0.1992,0.1986,0.1981,0.1978,0.1976,0.1975,0.1974,0.1974,0.1974,0.1974,0.1974,0.1974,0.1974,0.1974,0.3261,0.5297,0.6468,0.6908,0.71,0.71,0.71,0.7335,0.738,0.738,0.738,0.7395,0.7395,0.7391,0.7387,0.7387,0.6919,0.6919,0.6854,0.6854,0.6203,0.4492,0.317,0.297,0.2853,0.2787,0.2704,0.2623,0.2623,0.2623,0.2616,0.2597
0.265,0.2651,0.2651,0.2652,0.2654,0.2656,0.266,0.2666,0.2674,0.2689,0.2707,0.2748,0.2781,0.2912,0.3334,0.4179,0.5106,0.5541,0.5898,0.6043,0.6043,0.6056,0.6322,0.6549,0.6678,0.6678,0.644,0.6197,0.6197,0.6197,0.6163,0.5838,0.5445,0.5131,0.4974,0.4145,0.348,0.3131,0.307,0.3025,0.3025,0.3064,0.3064,0.3064,0.2949,0.2635
0.2631,0.2631,0.263,0.263,0.263,0.263,0.263,0.263,0.263,0.263,0.263,0.263,0.263,0.263,0.2709,0.3558,0.4273,0.4879,0.5209,0.554,0.5814,0.5861,0.6042,0.609,0.609,0.6037,0.5783,0.5755,0.5755,0.5422,0.5395,0.5395,0.5015,0.437,0.4012,0.3632,0.3252,0.2935,0.2883,0.284,0.2831,0.2666,0.2657,0.2611,0.2563,0.2562
0.2623,0.2621,0.262,0.2619,0.2618,0.2618,0.2618,0.2618,0.2618,0.2618,0.2618,0.2618,0.2618,0.2618,0.3527,0.5048,0.5918,0.6109,0.6253,0.6397,0.6868,0.7182,0.7182,0.7046,0.7046,0.7232,0.7232,0.716,0.7097,0.7035,0.6924,0.6893,0.6263,0.6103,0.5943,0.4913,0.337,0.3054,0.3034,0.3,0.3,0.2853,0.2828,0.2828,0.2795,0.2729
0.2254,0.2254,0.2255,0.2256,0.2258,0.226,0.2264,0.2271,0.228,0.2296,0.2316,0.2361,0.2397,0.2541,0.3475,0.503,0.5794,0.6021,0.6504,0.6504,0.6479,0.6479,0.6036,0.6036,0.6369,0.6505,0.6505,0.6333,0.6202,0.5796,0.5685,0.5685,0.5685,0.5635,0.5339,0.3957,0.3263,0.3141,0.2639,0.2411,0.2409,0.2409,0.2516,0.2617,0.2617,0.2612
0.2591,0.259,0.2589,0.2589,0.2589,0.2589,0.2589,0.2589,0.2589,0.2589,0.2589,0.2589,0.2589,0.2589,0.2947,0.4111,0.5935,0.6081,0.6185,0.6271,0.6599,0.6859,0.6859,0.6859,0.6925,0.6953,0.6953,0.6791,0.6715,0.6627,0.6627,0.653,0.6291,0.6092,0.5894,0.436,0.3094,0.292,0.2845,0.2771,0.2745,0.2682,0.2682,0.272,0.272,0.2348
0.2468,0.2467,0.2467,0.2467,0.2467,0.2467,0.2467,0.2467,0.2467,0.2467,0.2467,0.2467,0.2467,0.2467,0.3068,0.4247,0.5666,0.583,0.5954,0.6078,0.6575,0.6993,0.6993,0.6996,0.7155,0.7155,0.7005,0.697,0.6923,0.6808,0.6544,0.6502,0.6093,0.5506,0.5477,0.422,0.2981,0.2649,0.2585,0.2573,0.2522,0.243,0.2405,0.2405,0.2424,0.2457
0.2466,0.2466,0.2466,0.2466,0.2467,0.2467,0.2468,0.2469,0.247,0.2473,0.2476,0.2484,0.249,0.2515,0.317,0.4382,0.5415,0.551,0.5571,0.5641,0.6165,0.6229,0.6541,0.6573,0.668,0.668,0.668,0.6594,0.619,0.619,0.6116,0.6116,0.5554,0.5154,0.5104,0.3818,0.3002,0.2694,0.2667,0.2667,0.2653,0.259,0.2543,0.2497,0.2421,0.2395
0.2358,0.2358,0.2358,0.2358,0.2359,0.236,0.2361,0.2363,0.2366,0.2371,0.2378,0.2393,0.2405,0.2452,0.3162,0.4552,0.5488,0.5758,0.596,0.6163,0.655,0.655,0.655,0.655,0.6575,0.6706,0.6706,0.6478,0.633,0.6252,0.6164,0.603,0.5934,0.5122,0.5113,0.4414,0.3106,0.2572,0.2363,0.2327,0.2292,0.2258,0.2258,0.2232,0.2106,0.1898
0.2438,0.2438,0.2438,0.2438,0.2438,0.2439,0.244,0.2442,0.2444,0.2448,0.2453,0.2465,0.2474,0.251,0.3619,0.4784,0.5928,0.6033,0.6112,0.6192,0.6664,0.6664,0.6807,0.6858,0.6962,0.6962,0.6847,0.6628,0.6435,0.6427,0.6421,0.6416,0.6272,0.571,0.516,0.4076,0.3199,0.2946,0.2928,0.2912,0.29,0.29,0.2888,0.2592,0.2585,0.2502
0.2187,0.2188,0.2188,0.2189,0.2191,0.2193,0.2196,0.2202,0.221,0.2224,0.2241,0.228,0.2311,0.2435,0.3007,0.4966,0.6252,0.6578,0.7062,0.7062,0.6987,0.6987,0.7117,0.7117,0.7148,0.7148,0.7148,0.6841,0.6708,0.6708,0.6789,0.6867,0.6945,0.6945,0.5938,0.423,0.3164,0.2619,0.2619,0.2731,0.2731,0.2441,0.2441,0.2441,0.2438,0.2438
0.2766,0.2765,0.2764,0.2764,0.2764,0.2764,0.2764,0.2764,0.2764,0.2764,0.2764,0.2764,0.2764,0.2764,0.3163,0.4893,0.5923,0.6266,0.6844,0.6844,0.6653,0.6653,0.6885,0.6917,0.6969,0.6969,0.7067,0.7067,0.7038,0.6923,0.686,0.6768,0.6764,0.6329,0.6278,0.4875,0.353,0.3227,0.318,0.3146,0.3056,0.2931,0.2859,0.2859,0.2887,0.2889
0.2208,0.2206,0.2205,0.2204,0.2203,0.2203,0.2203,0.2203,0.2203,0.2203,0.2203,0.2203,0.2203,0.2203,0.2588,0.3472,0.4961,0.5839,0.5905,0.5927,0.6016,0.6623,0.6623,0.6517,0.6517,0.65,0.65,0.6085,0.6079,0.6045,0.5918,0.5849,0.5523,0.4803,0.4763,0.3405,0.2836,0.2748,0.2455,0.2455,0.2455,0.2424,0.2419,0.2409,0.2409,0.2387
0.27,0.27,0.27,0.27,0.2701,0.2702,0.2703,0.2706,0.2709,0.2715,0.2722,0.2739,0.2752,0.2804,0.3517,0.4529,0.5265,0.5735,0.5777,0.5777,0.5921,0.6053,0.636,0.636,0.6362,0.6488,0.6488,0.6488,0.6557,0.6557,0.6033,0.579,0.545,0.4798,0.4764,0.3807,0.311,0.2941,0.2912,0.2899,0.2899,0.2899,0.2643,0.2643,0.2697,0.2698
0.271,0.271,0.271,0.271,0.271,0.271,0.2711,0.2711,0.2712,0.2714,0.2716,0.272,0.2723,0.2737,0.3653,0.5309,0.6192,0.6586,0.6907,0.6907,0.6907,0.6798,0.6798,0.6863,0.6929,0.6929,0.6763,0.6729,0.6729,0.6695,0.6265,0.6238,0.6112,0.5676,0.5351,0.408,0.3303,0.3188,0.2885,0.2885,0.2885,0.2729,0.2562,0.2562,0.2619,0.2676
0.2095,0.2096,0.2096,0.2097,0.2098,0.2099,0.2102,0.2106,0.2112,0.2123,0.2137,0.2167,0.2191,0.2288,0.3187,0.5145,0.6607,0.6731,0.679,0.692,0.7028,0.727,0.727,0.727,0.7423,0.772,0.772,0.7709,0.7637,0.7565,0.7136,0.705,0.705,0.705,0.5912,0.4486,0.2908,0.2827,0.2767,0.2707,0.2595,0.2366,0.219,0.219,0.23,0.2306
0.3075,0.3073,0.3072,0.3071,0.307,0.307,0.307,0.307,0.307,0.307,0.307,0.307,0.307,0.307,0.352,0.574,0.5898,0.6291,0.6549,0.6549,0.6404,0.6404,0.6489,0.6489,0.6489,0.6499,0.6499,0.6344,0.6237,0.6115,0.6115,0.6143,0.6171,0.6171,0.57,0.501,0.3655,0.342,0.3333,0.3203,0.3203,0.3204,0.3204,0.2942,0.2873,0.2857
0.2925,0.2925,0.2925,0.2925,0.2926,0.2926,0.2927,0.2927,0.2927,0.2927,0.2927,0.2927,0.2927,0.2928,0.3372,0.5295,0.5666,0.6403,0.655,0.655,0.6698,0.6705,0.678,0.678,0.678,0.6764,0.6764,0.6564,0.6526,0.6488,0.6234,0.5951,0.5631,0.4973,0.4875,0.3919,0.3248,0.2837,0.2823,0.2626,0.2619,0.2538,0.2538,0.2538,0.2506,0.2407
0.199,0.199,0.1991,0.1992,0.1993,0.1995,0.1998,0.2003,0.201,0.2023,0.2039,0.2075,0.2103,0.2217,0.3253,0.4154,0.5639,0.5734,0.5805,0.5877,0.6595,0.6611,0.6628,0.6746,0.6746,0.6746,0.6742,0.6715,0.6446,0.6445,0.6063,0.5809,0.5809,0.5809,0.5024,0.4169,0.3117,0.2517,0.2348,0.2348,0.2348,0.2499,0.2506,0.2506,0.2421,0.2336
0.2344,0.2345,0.2346,0.2347,0.235,0.2354,0.236,0.2369,0.2386,0.2406,0.2451,0.2487,0.2631,0.2968,0.3605,0.5289,0.5972,0.6324,0.6613,0.6663,0.6663,0.6632,0.6002,0.6002,0.718,0.718,0.684,0.6708,0.6393,0.6365,0.6095,0.6095,0.6082,0.5808,0.5465,0.4111,0.3391,0.3053,0.2402,0.2375,0.2375,0.2456,0.2465,0.2474,0.2518,0.2556
0.2186,0.2186,0.2186,0.2187,0.2188,0.219,0.2193,0.2197,0.2203,0.2213,0.2227,0.2256,0.228,0.2374,0.3182,0.4905,0.583,0.6178,0.6182,0.6182,0.6242,0.6565,0.6768,0.6768,0.6768,0.6927,0.6927,0.666,0.6645,0.6489,0.6367,0.6195,0.5599,0.5563,0.5528,0.4158,0.305,0.2658,0.2496,0.2491,0.2491,0.2384,0.2384,0.2385,0.2386,0.2387
0.2187,0.2187,0.2187,0.2187,0.2188,0.2189,0.219,0.2193,0.2196,0.2202,0.221,0.2226,0.224,0.2293,0.3029,0.4382,0.5531,0.5676,0.5725,0.592,0.6778,0.6778,0.6771,0.6755,0.6755,0.6863,0.6863,0.6845,0.6477,0.6256,0.623,0.623,0.5882,0.5291,0.5067,0.3846,0.2661,0.2625,0.2625,0.2625,0.2366,0.227,0.2242,0.2242,0.2331,0.2384
0.1993,0.1993,0.1993,0.1994,0.1995,0.1997,0.2,0.2004,0.2011,0.2023,0.2038,0.2072,0.2098,0.2205,0.3136,0.4463,0.5671,0.5963,0.6182,0.6402,0.6821,0.7119,0.7119,0.6999,0.6999,0.7022,0.7022,0.7022,0.6498,0.6409,0.6305,0.609,0.5992,0.5318,0.5113,0.3891,0.2675,0.2292,0.2275,0.2259,0.2034,0.1855,0.1855,0.2004,0.2055,0.2063
0.2576,0.2574,0.2574,0.2573,0.2573,0.2573,0.2573,0.2573,0.2573,0.2573,0.2573,0.2573,0.2573,0.2573,0.3237,0.5353,0.5856,0.6482,0.6661,0.6661,0.6661,0.6752,0.6982,0.6982,0.6982,0.6869,0.6869,0.6953,0.6953,0.682,0.6037,0.6037,0.6094,0.6094,0.5632,0.446,0.3373,0.2936,0.2908,0.2908,0.2949,0.2949,0.2843,0.2737,0.2737,0.2737
0.2319,0.2319,0.232,0.2321,0.2323,0.2325,0.2329,0.2335,0.2343,0.2359,0.2378,0.242,0.2454,0.259,0.3251,0.501,0.584,0.6303,0.6998,0.6998,0.6683,0.6631,0.6579,0.6555,0.6555,0.7174,0.7174,0.7024,0.7024,0.7024,0.6669,0.6469,0.6136,0.5625,0.5585,0.4141,0.3108,0.3001,0.2644,0.2644,0.2702,0.2702,0.2582,0.2582,0.2432,0.2398
0.2746,0.2746,0.2746,0.2746,0.2746,0.2746,0.2746,0.2745,0.2745,0.2743,0.2742,0.2738,0.2735,0.2735,0.3628,0.597,0.5995,0.6422,0.6422,0.6226,0.6226,0.6467,0.6586,0.6622,0.6622,0.6622,0.6498,0.642,0.6383,0.6154,0.6082,0.5975,0.5875,0.5459,0.5362,0.4027,0.348,0.3091,0.2993,0.2928,0.2895,0.2783,0.2783,0.2783,0.2742,0.2742
0.2822,0.2822,0.2822,0.2822,0.2822,0.2822,0.2822,0.2822,0.2822,0.2822,0.2821,0.2821,0.282,0.282,0.3447,0.4349,0.5294,0.5946,0.6107,0.6107,0.6107,0.6239,0.6309,0.6374,0.6551,0.6551,0.6382,0.6382,0.6382,0.6305,0.599,0.5894,0.5652,0.5377,0.5315,0.4165,0.3228,0.3188,0.3084,0.2973,0.2948,0.2902,0.2885,0.2869,0.2869,0.2869
0.2476,0.2476,0.2476,0.2476,0.2476,0.2476,0.2477,0.2477,0.2478,0.2479,0.2481,0.2485,0.2488,0.25,0.3097,0.4324,0.5779,0.5947,0.6031,0.6202,0.6366,0.6887,0.723,0.723,0.7016,0.6923,0.6858,0.6745,0.6469,0.6454,0.6317,0.6317,0.6366,0.6366,0.5486,0.4219,0.3023,0.2794,0.2766,0.2576,0.2574,0.2504,0.2435,0.2345,0.2345,0.2345
0.2207,0.2208,0.2209,0.2211,0.2215,0.222,0.2228,0.224,0.2261,0.2288,0.2346,0.2395,0.2579,0.2591,0.3057,0.5078,0.5987,0.6794,0.7703,0.7703,0.6647,0.6647,0.7096,0.7096,0.7138,0.7138,0.7138,0.6814,0.6557,0.6557,0.652,0.652,0.5999,0.5641,0.5625,0.4386,0.2969,0.2667,0.25,0.25,0.25,0.2412,0.2285,0.2282,0.2282,0.2378
0.2552,0.2552,0.2552,0.2552,0.2552,0.2552,0.2552,0.2552,0.2552,0.2552,0.2552,0.2552,0.2552,0.2552,0.328,0.45,0.5445,0.5553,0.5658,0.5667,0.6075,0.6388,0.6655,0.6732,0.6815,0.6938,0.6938,0.6938,0.6811,0.6475,0.6372,0.6283,0.5836,0.5367,0.534,0.4164,0.3032,0.2659,0.2659,0.2659,0.218,0.2146,0.2146,0.2138,0.2048,0.2015
0.2419,0.2419,0.242,0.2421,0.2422,0.2424,0.2427,0.2432,0.2439,0.2452,0.2468,0.2503,0.2532,0.2645,0.3262,0.4256,0.5465,0.5896,0.6019,0.6143,0.6647,0.673,0.6731,0.6731,0.6753,0.6753,0.6477,0.6382,0.6326,0.6038,0.6018,0.582,0.5353,0.4798,0.4797,0.3895,0.2633,0.2604,0.2604,0.2298,0.2113,0.2083,0.2056,0.2016,0.1825,0.1738
0.2314,0.2314,0.2314,0.2314,0.2314,0.2314,0.2315,0.2316,0.2318,0.2321,0.2324,0.2332,0.2338,0.2363,0.3063,0.4061,0.5559,0.5626,0.5676,0.5727,0.6415,0.6438,0.6556,0.6556,0.6532,0.6525,0.6508,0.6485,0.6355,0.6355,0.6355,0.6312,0.5725,0.5221,0.4933,0.3909,0.2993,0.2793,0.2731,0.261,0.261,0.261,0.2442,0.2442,0.2442,0.2304
0.2517,0.2518,0.2518,0.2519,0.252,0.2522,0.2525,0.253,0.2537,0.255,0.2565,0.26,0.2627,0.2738,0.3412,0.4772,0.5694,0.624,0.624,0.624,0.6452,0.6876,0.6876,0.6876,0.6737,0.6697,0.642,0.632,0.632,0.5973,0.5946,0.5714,0.5366,0.5044,0.504,0.4028,0.3213,0.2867,0.2867,0.2909,0.2909,0.2694,0.2694,0.2727,0.2727,0.2727
0.2278,0.2278,0.2278,0.2279,0.228,0.2282,0.2285,0.229,0.2296,0.2308,0.2323,0.2356,0.2382,0.2486,0.3121,0.46,0.5309,0.581,0.581,0.581,0.6168,0.6257,0.6259,0.6289,0.6289,0.6289,0.6264,0.6264,0.6153,0.5682,0.5466,0.5466,0.5423,0.4989,0.4679,0.3743,0.3211,0.2814,0.2699,0.2699,0.2699,0.2693,0.2693,0.2693,0.2693,0.2771
0.2694,0.2694,0.2694,0.2694,0.2695,0.2696,0.2698,0.27,0.2704,0.2711,0.272,0.2739,0.2754,0.2815,0.3327,0.4397,0.5044,0.5171,0.5298,0.53,0.5807,0.6002,0.6002,0.6002,0.609,0.609,0.609,0.6075,0.5929,0.5901,0.581,0.5578,0.4698,0.4563,0.4501,0.3823,0.3138,0.3049,0.2931,0.2814,0.2778,0.2774,0.2774,0.2774,0.2774,0.2839
0.1869,0.1861,0.1855,0.1851,0.1849,0.1847,0.1846,0.1845,0.1845,0.1845,0.1845,0.1845,0.1845,0.1845,0.3218,0.4771,0.6076,0.6165,0.6202,0.6309,0.6884,0.7148,0.72,0.72,0.72,0.7068,0.6969,0.6969,0.6969,0.6915,0.6761,0.672,0.6391,0.5929,0.5894,0.4344,0.2957,0.2957,0.2842,0.2824,0.2824,0.2769,0.2712,0.2577,0.2522,0.2503
0.2625,0.2624,0.2623,0.2623,0.2623,0.2623,0.2623,0.2623,0.2623,0.2623,0.2623,0.2623,0.2623,0.2623,0.3161,0.4481,0.5284,0.5433,0.5483,0.5682,0.6408,0.6408,0.6275,0.6182,0.6182,0.6315,0.6443,0.6477,0.6702,0.6702,0.6242,0.5995,0.5738,0.5462,0.5076,0.4089,0.3043,0.2866,0.2866,0.2894,0.2928,0.2928,0.2822,0.2732,0.2732,0.2736
0.1993,0.1983,0.1976,0.1972,0.1969,0.1967,0.1966,0.1965,0.1965,0.1965,0.1965,0.1965,0.1965,0.1965,0.3128,0.4783,0.6137,0.6205,0.6216,0.6332,0.6841,0.6903,0.6903,0.6744,0.6744,0.6908,0.6917,0.6917,0.6917,0.6811,0.6778,0.6693,0.5958,0.5848,0.5739,0.4352,0.3345,0.3319,0.319,0.3083,0.3065,0.281,0.281,0.2814,0.2845,0.2865
0.2384,0.2384,0.2384,0.2384,0.2385,0.2386,0.2387,0.2389,0.2392,0.2398,0.2405,0.2421,0.2434,0.2485,0.3153,0.3916,0.4753,0.4909,0.4961,0.517,0.5749,0.6044,0.6163,0.6175,0.6324,0.6324,0.6179,0.5705,0.5549,0.5538,0.553,0.5523,0.5401,0.4515,0.4275,0.3881,0.2701,0.2527,0.2454,0.2406,0.2346,0.2332,0.2332,0.2332,0.2361,0.2361
0.1897,0.1874,0.1861,0.1852,0.1847,0.1843,0.1841,0.184,0.1839,0.1838,0.1838,0.1838,0.1838,0.288,0.3498,0.5677,0.5919,0.6639,0.6788,0.6908,0.6938,0.7069,0.7221,0.7221,0.7221,0.7281,0.7281,0.686,0.686,0.6745,0.6745,0.6574,0.6178,0.6102,0.5657,0.418,0.3207,0.2648,0.257,0.2548,0.2521,0.252,0.252,0.252,0.252,0.2519
0.2508,0.2507,0.2506,0.2506,0.2506,0.2506,0.2506,0.2506,0.2506,0.2506,0.2506,0.2506,0.2506,0.2506,0.2984,0.3957,0.497,0.5857,0.651,0.651,0.651,0.6464,0.6464,0.6438,0.6438,0.6438,0.6492,0.6492,0.6535,0.6568,0.6568,0.5891,0.5574,0.5151,0.4803,0.3847,0.2892,0.2853,0.2834,0.2834,0.2834,0.2643,0.2613,0.2553,0.2478,0.2478
0.3183,0.3182,0.3181,0.318,0.318,0.318,0.318,0.318,0.318,0.318,0.318,0.318,0.318,0.318,0.3774,0.4653,0.5677,0.6231,0.6231,0.6333,0.6333,0.6574,0.6854,0.6854,0.6913,0.6913,0.6913,0.661,0.6607,0.6603,0.6453,0.6306,0.5684,0.5543,0.5404,0.4096,0.3393,0.3393,0.3393,0.3432,0.3432,0.3432,0.3276,0.3045,0.3017,0.3017
0.2754,0.2754,0.2754,0.2754,0.2754,0.2754,0.2754,0.2754,0.2754,0.2754,0.2754,0.2754,0.2754,0.2754,0.3381,0.4233,0.5057,0.5199,0.5247,0.5437,0.6192,0.6438,0.6438,0.6333,0.6333,0.6486,0.6486,0.6285,0.6285,0.6243,0.5929,0.5812,0.546,0.4829,0.4756,0.3966,0.3241,0.3134,0.3083,0.2989,0.297,0.2872,0.2785,0.2785,0.2794,0.2794
0.2412,0.2412,0.2412,0.2412,0.2412,0.2413,0.2414,0.2415,0.2417,0.2421,0.2426,0.2437,0.2446,0.248,0.3367,0.5471,0.6292,0.6716,0.6802,0.6802,0.6888,0.6952,0.7232,0.7234,0.7297,0.7297,0.7063,0.695,0.6807,0.6793,0.6691,0.6597,0.6264,0.6015,0.5766,0.4319,0.2899,0.2445,0.2445,0.2445,0.2308,0.2193,0.2186,0.2186,0.2123,0.2096
0.2769,0.2769,0.2769,0.277,0.277,0.2771,0.2772,0.2774,0.2776,0.2781,0.2786,0.2799,0.2809,0.285,0.3634,0.5822,0.6085,0.6236,0.6697,0.6697,0.645,0.645,0.6778,0.6853,0.6853,0.6824,0.6579,0.6499,0.6349,0.6231,0.6056,0.5978,0.5843,0.5769,0.5413,0.417,0.3406,0.3051,0.2727,0.2727,0.2727,0.2723,0.2723,0.2723,0.2709,0.2529
0.285,0.285,0.285,0.285,0.285,0.2851,0.2852,0.2854,0.2856,0.2861,0.2866,0.2878,0.2888,0.2927,0.3487,0.4868,0.6059,0.6481,0.6924,0.6924,0.6917,0.6912,0.6907,0.6889,0.6889,0.6975,0.6975,0.6975,0.6889,0.6861,0.6698,0.651,0.6222,0.5975,0.5082,0.4265,0.3195,0.2962,0.2952,0.2944,0.2944,0.3014,0.3014,0.2917,0.2658,0.2654
0.2645,0.2645,0.2645,0.2645,0.2646,0.2647,0.2648,0.2651,0.2654,0.266,0.2667,0.2684,0.2697,0.275,0.3078,0.4597,0.5626,0.626,0.6268,0.6277,0.6838,0.6847,0.6847,0.6885,0.6885,0.6862,0.6839,0.6691,0.6518,0.6501,0.6415,0.6149,0.5543,0.5543,0.5543,0.4212,0.3313,0.3137,0.3111,0.3089,0.3038,0.2926,0.2917,0.2908,0.2908,0.2908
0.1874,0.1869,0.1866,0.1864,0.1863,0.1862,0.1861,0.1861,0.1861,0.1861,0.1861,0.1861,0.1861,0.1861,0.3593,0.4755,0.5988,0.6471,0.6903,0.6903,0.6813,0.679,0.679,0.6798,0.6853,0.689,0.689,0.6595,0.6537,0.6518,0.6479,0.6361,0.6284,0.6207,0.537,0.4269,0.3346,0.2969,0.2635,0.2635,0.2635,0.2654,0.2654,0.2725,0.2725,0.2432
0.3101,0.3099,0.3098,0.3097,0.3097,0.3096,0.3096,0.3096,0.3096,0.3096,0.3096,0.3096,0.3096,0.3096,0.3213,0.4221,0.5343,0.5742,0.5763,0.5784,0.616,0.616,0.6241,0.6337,0.638,0.652,0.652,0.6277,0.6184,0.5899,0.5397,0.5208,0.4688,0.4688,0.4549,0.379,0.3447,0.3425,0.3382,0.3288,0.3158,0.3002,0.2692,0.2507,0.2383,0.2331
0.2184,0.2184,0.2185,0.2186,0.2187,0.219,0.2194,0.2201,0.221,0.2227,0.2248,0.2295,0.2332,0.2481,0.3344,0.4671,0.5875,0.6531,0.709,0.709,0.7062,0.6946,0.682,0.6726,0.6726,0.6543,0.6543,0.6537,0.643,0.6304,0.6281,0.6233,0.5945,0.5698,0.506,0.401,0.3044,0.2505,0.2505,0.2505,0.2303,0.2226,0.2155,0.2131,0.2131,0.2143
0.2158,0.2158,0.2159,0.216,0.2161,0.2163,0.2166,0.2171,0.2178,0.2191,0.2207,0.2242,0.2271,0.2384,0.3239,0.4897,0.6122,0.6469,0.6915,0.6915,0.6905,0.6842,0.6814,0.6814,0.6816,0.6933,0.6933,0.6815,0.668,0.6512,0.6467,0.6467,0.6347,0.6314,0.5622,0.4431,0.3186,0.2843,0.279,0.2737,0.2706,0.2571,0.2571,0.2571,0.2491,0.2479
0.2294,0.2294,0.2294,0.2294,0.2295,0.2295,0.2296,0.2297,0.2299,0.2303,0.2307,0.2317,0.2325,0.2357,0.3069,0.3871,0.5318,0.5424,0.5501,0.556,0.6106,0.6112,0.6134,0.6148,0.6246,0.6292,0.6319,0.6445,0.6445,0.5701,0.5701,0.5705,0.5705,0.4785,0.4696,0.3691,0.2763,0.2482,0.2482,0.2486,0.2486,0.2339,0.2339,0.2413,0.2413,0.2386
0.2291,0.2292,0.2292,0.2293,0.2294,0.2296,0.2299,0.2304,0.2311,0.2324,0.2339,0.2374,0.2402,0.2513,0.3306,0.5457,0.6262,0.688,0.7397,0.7397,0.7243,0.7243,0.7384,0.7384,0.734,0.7297,0.7016,0.6879,0.6879,0.7051,0.7051,0.6745,0.6198,0.588,0.5783,0.4445,0.3102,0.2866,0.264,0.264,0.264,0.2576,0.2448,0.235,0.232,0.2187
0.2136,0.2137,0.2138,0.2139,0.2141,0.2144,0.2149,0.2158,0.2169,0.2192,0.2215,0.2284,0.2305,0.2559,0.285,0.5429,0.5883,0.6064,0.6586,0.6586,0.6522,0.6522,0.66,0.6673,0.6875,0.6875,0.6414,0.6393,0.6077,0.6065,0.594,0.594,0.584,0.5734,0.5433,0.4485,0.3403,0.2807,0.2712,0.2617,0.2321,0.2292,0.2292,0.2342,0.2369,0.2397
0.2229,0.2229,0.2229,0.2229,0.223,0.2231,0.2233,0.2236,0.224,0.2247,0.2256,0.2275,0.2291,0.2353,0.3199,0.5257,0.6339,0.6939,0.7305,0.7305,0.7214,0.7146,0.7146,0.7177,0.7242,0.7242,0.7193,0.7082,0.6861,0.6861,0.6834,0.6735,0.6648,0.6648,0.5955,0.4788,0.3114,0.2635,0.249,0.249,0.249,0.244,0.2372,0.2337,0.2332,0.2332
0.2644,0.2644,0.2644,0.2642,0.2642,0.2641,0.264,0.264,0.264,0.264,0.264,0.264,0.264,0.264,0.3059,0.4639,0.6048,0.6147,0.6195,0.6298,0.6388,0.6709,0.6857,0.6901,0.7036,0.7036,0.6995,0.6937,0.6872,0.6713,0.666,0.666,0.6284,0.587,0.5848,0.4237,0.292,0.2825,0.2769,0.2694,0.2683,0.2672,0.2667,0.2663,0.2591,0.2497
0.2527,0.2535,0.2537,0.2537,0.2537,0.2537,0.2537,0.2537,0.2537,0.2537,0.2537,0.2537,0.2537,0.2538,0.3563,0.4969,0.6095,0.7291,0.7684,0.7684,0.6949,0.6949,0.6968,0.6968,0.6968,0.6936,0.6873,0.6514,0.6514,0.6436,0.6408,0.6278,0.5982,0.59,0.5456,0.3901,0.2988,0.2652,0.2507,0.2497,0.2497,0.239,0.236,0.233,0.233,0.2331
0.2293,0.2291,0.229,0.2289,0.2289,0.2289,0.2289,0.2289,0.2289,0.2289,0.2289,0.2289,0.2289,0.2289,0.3698,0.451,0.5246,0.561,0.5946,0.5995,0.6103,0.6168,0.6175,0.6371,0.6371,0.6175,0.6175,0.6175,0.6152,0.6152,0.6,0.5852,0.5455,0.5091,0.5048,0.4182,0.3373,0.3087,0.3087,0.3087,0.3053,0.2993,0.2949,0.2905,0.2787,0.2787
0.2451,0.2451,0.2451,0.2451,0.2451,0.2451,0.2452,0.2453,0.2454,0.2456,0.2459,0.2466,0.2471,0.2491,0.2916,0.4234,0.5589,0.5772,0.5899,0.6014,0.6404,0.6475,0.6736,0.6736,0.6433,0.6386,0.6386,0.656,0.656,0.6288,0.6078,0.5989,0.573,0.4945,0.4752,0.4171,0.3201,0.302,0.2867,0.2753,0.2733,0.2717,0.2629,0.255,0.2542,0.2264
0.2871,0.2871,0.2871,0.2871,0.2871,0.287,0.2869,0.2868,0.2866,0.2863,0.2859,0.285,0.2843,0.2843,0.3173,0.4007,0.5002,0.5224,0.5427,0.5588,0.5757,0.5895,0.6129,0.6129,0.6129,0.6119,0.6119,0.6119,0.611,0.5879,0.5709,0.5646,0.5399,0.5079,0.5008,0.4279,0.3339,0.3105,0.3083,0.2971,0.292,0.2876,0.2852,0.2835,0.2826,0.2787
0.2307,0.2307,0.2307,0.2307,0.2308,0.2309,0.2311,0.2314,0.2318,0.2326,0.2335,0.2355,0.2372,0.2437,0.3201,0.5136,0.548,0.611,0.611,0.611,0.6292,0.6643,0.6927,0.6927,0.6838,0.6838,0.6758,0.6758,0.6342,0.6264,0.6032,0.5883,0.5883,0.5883,0.5433,0.4223,0.3373,0.2854,0.2825,0.2824,0.2824,0.2752,0.2661,0.2661,0.2683,0.2729
0.1947,0.1942,0.1939,0.1937,0.1936,0.1935,0.1934,0.1934,0.1934,0.1934,0.1934,0.1934,0.1934,0.1934,0.3158,0.4621,0.5751,0.604,0.6465,0.6476,0.6476,0.6349,0.6349,0.6645,0.6941,0.6941,0.6689,0.644,0.6053,0.5637,0.5637,0.5637,0.5606,0.5606,0.5021,0.3653,0.2996,0.2996,0.2881,0.2691,0.256,0.2404,0.2287,0.2287,0.2652,0.2722
0.2718,0.2718,0.2718,0.2718,0.2718,0.2718,0.2718,0.2718,0.2718,0.2718,0.2718,0.2718,0.2718,0.2718,0.3379,0.5617,0.6025,0.6544,0.6795,0.6795,0.6645,0.6645,0.6795,0.6795,0.6795,0.667,0.667,0.6614,0.6601,0.6207,0.6108,0.6101,0.5821,0.5611,0.5576,0.4399,0.3406,0.293,0.2887,0.2824,0.2759,0.2759,0.271,0.2662,0.2624,0.2624
0.2537,0.2538,0.2538,0.2539,0.254,0.2542,0.2545,0.255,0.2557,0.2569,0.2584,0.2618,0.2645,0.2754,0.3322,0.4743,0.5893,0.6197,0.676,0.676,0.6752,0.6652,0.6604,0.6604,0.6555,0.6555,0.6555,0.6732,0.6732,0.661,0.6279,0.6232,0.6078,0.5699,0.5419,0.408,0.3218,0.3103,0.2995,0.2887,0.2862,0.2862,0.2942,0.2942,0.2895,0.2478
0.2586,0.2586,0.2586,0.2586,0.2586,0.2586,0.2586,0.2586,0.2587,0.2588,0.259,0.2593,0.2595,0.2605,0.367,0.5486,0.6348,0.6644,0.7119,0.7119,0.7119,0.7119,0.7149,0.7173,0.7234,0.7234,0.7118,0.7065,0.659,0.6487,0.6487,0.6621,0.7125,0.7125,0.6004,0.4279,0.3173,0.2662,0.2662,0.2798,0.2798,0.2655,0.2541,0.2428,0.2428,0.2729
0.2708,0.2706,0.2705,0.2704,0.2704,0.2704,0.2704,0.2704,0.2704,0.2704,0.2704,0.2704,0.2704,0.2704,0.3143,0.4789,0.613,0.626,0.6379,0.6404,0.6752,0.6752,0.6752,0.6793,0.6805,0.6805,0.6805,0.6607,0.6317,0.591,0.5882,0.5871,0.5676,0.5404,0.5404,0.4185,0.3302,0.294,0.2789,0.2789,0.2769,0.2649,0.2636,0.2518,0.2478,0.2438
0.2721,0.272,0.272,0.272,0.272,0.272,0.272,0.272,0.272,0.272,0.272,0.272,0.272,0.272,0.3251,0.4332,0.5271,0.5392,0.5433,0.5596,0.6546,0.6648,0.6648,0.6621,0.6621,0.6754,0.6754,0.6743,0.6743,0.6733,0.6488,0.6335,0.5973,0.5343,0.5241,0.4767,0.3116,0.305,0.2865,0.2865,0.2865,0.2688,0.2681,0.2681,0.2675,0.2556
0.1842,0.1833,0.1826,0.1822,0.182,0.1818,0.1817,0.1816,0.1816,0.1816,0.1816,0.1816,0.1816,0.1816,0.3033,0.4861,0.6327,0.639,0.641,0.6496,0.6921,0.7157,0.7235,0.7295,0.734,0.734,0.7148,0.7134,0.7127,0.712,0.6927,0.6913,0.6546,0.6163,0.6078,0.4375,0.3256,0.3024,0.2959,0.2896,0.2894,0.2722,0.27,0.2688,0.2679,0.2588
0.1855,0.1842,0.1833,0.1827,0.1824,0.1821,0.182,0.1819,0.1818,0.1818,0.1818,0.1818,0.1818,0.1818,0.296,0.4874,0.5974,0.6319,0.6655,0.6655,0.6655,0.6802,0.6872,0.6978,0.7045,0.7219,0.7403,0.7541,0.7541,0.7423,0.6442,0.6442,0.6271,0.5772,0.5266,0.4443,0.3269,0.309,0.3083,0.3077,0.3015,0.2811,0.2802,0.2794,0.2704,0.2581
0.2867,0.2839,0.2804,0.2788,0.2775,0.2768,0.2763,0.276,0.2758,0.2757,0.2756,0.2755,0.2755,0.2755,0.3732,0.4769,0.4825,0.4825,0.4825,0.5478,0.6797,0.6797,0.6767,0.6767,0.6767,0.6932,0.6932,0.6758,0.6578,0.6578,0.6643,0.6643,0.6643,0.63,0.5506,0.4307,0.3076,0.2831,0.268,0.2595,0.2595,0.2827,0.2827,0.2827,0.2782,0.2536
0.2654,0.2654,0.2654,0.2654,0.2654,0.2654,0.2655,0.2656,0.2658,0.2661,0.2665,0.2674,0.2681,0.2708,0.3402,0.5023,0.596,0.6274,0.6523,0.6523,0.6523,0.6632,0.668,0.6691,0.7009,0.7009,0.6691,0.6691,0.667,0.6507,0.6101,0.6101,0.6024,0.5728,0.5431,0.3942,0.3218,0.2964,0.2639,0.2639,0.2639,0.2555,0.2416,0.2416,0.2629,0.2784
0.2976,0.2975,0.2975,0.2975,0.2975,0.2975,0.2975,0.2975,0.2975,0.2975,0.2975,0.2975,0.2975,0.2975,0.3368,0.4809,0.5683,0.6129,0.6479,0.6487,0.6495,0.6593,0.6844,0.6916,0.6916,0.6869,0.6765,0.6744,0.6631,0.6276,0.6123,0.6046,0.5976,0.5219,0.5079,0.3852,0.3197,0.3125,0.2982,0.2982,0.2886,0.265,0.2587,0.2587,0.2829,0.2829
0.2676,0.2676,0.2676,0.2676,0.2676,0.2677,0.2677,0.2678,0.2679,0.2681,0.2683,0.2688,0.2692,0.2709,0.3136,0.4874,0.5439,0.6011,0.6506,0.6506,0.6483,0.6483,0.6485,0.6602,0.6686,0.6686,0.6607,0.6436,0.6406,0.6376,0.6113,0.5861,0.5373,0.5373,0.5373,0.4275,0.3305,0.2888,0.2856,0.2856,0.2938,0.2938,0.274,0.2402,0.2402,0.2476
0.2911,0.2906,0.2903,0.2901,0.29,0.2899,0.2898,0.2898,0.2898,0.2898,0.2898,0.2898,0.2898,0.2898,0.3457,0.599,0.5997,0.6222,0.6453,0.6676,0.6676,0.6599,0.6503,0.6292,0.6292,0.6378,0.6378,0.6332,0.6264,0.6019,0.5895,0.5756,0.5756,0.5744,0.5744,0.4497,0.3715,0.3347,0.3183,0.3183,0.3194,0.3321,0.3321,0.3023,0.3014,0.2853
0.2614,0.2614,0.2614,0.2614,0.2614,0.2614,0.2615,0.2615,0.2616,0.2617,0.2618,0.2621,0.2623,0.2633,0.3436,0.4961,0.5773,0.5895,0.6353,0.6436,0.6481,0.6481,0.6481,0.6638,0.6638,0.6638,0.6375,0.6375,0.6318,0.6138,0.6138,0.6143,0.6143,0.5827,0.5496,0.4588,0.3577,0.3253,0.3105,0.2838,0.2752,0.2725,0.2664,0.2604,0.2604,0.2651
0.2766,0.2766,0.2766,0.2767,0.2767,0.2768,0.2769,0.277,0.2773,0.2777,0.2782,0.2794,0.2803,0.284,0.3501,0.4469,0.5194,0.59,0.591,0.592,0.6098,0.6098,0.6119,0.6281,0.6281,0.6295,0.6295,0.6225,0.608,0.6055,0.5607,0.5306,0.5272,0.5238,0.5194,0.3793,0.3205,0.3128,0.3083,0.3031,0.2968,0.2853,0.2853,0.2853,0.2834,0.2702
0.2,0.2001,0.2001,0.2002,0.2004,0.2006,0.2009,0.2014,0.2021,0.2035,0.2051,0.2088,0.2117,0.2235,0.3174,0.4362,0.562,0.571,0.5755,0.5846,0.5936,0.6209,0.6378,0.6509,0.6515,0.6515,0.6539,0.6539,0.6509,0.611,0.611,0.6088,0.5761,0.4831,0.4766,0.3746,0.265,0.2484,0.2438,0.2438,0.2392,0.2215,0.2215,0.2223,0.2238,0.2251
0.2312,0.2312,0.2313,0.2313,0.2314,0.2316,0.2318,0.2322,0.2327,0.2337,0.2349,0.2375,0.2396,0.2481,0.316,0.4866,0.6087,0.6438,0.666,0.666,0.6752,0.6752,0.6981,0.6981,0.6961,0.6875,0.6856,0.6719,0.6547,0.6314,0.6282,0.6152,0.5699,0.5526,0.5514,0.4073,0.3316,0.2661,0.2661,0.2676,0.2676,0.2415,0.2415,0.2425,0.2431,0.2617
0.2495,0.2495,0.2495,0.2495,0.2495,0.2495,0.2495,0.2496,0.2497,0.2499,0.2501,0.2505,0.2509,0.2523,0.3141,0.4311,0.5297,0.5631,0.5882,0.6134,0.6207,0.6514,0.6664,0.6681,0.681,0.6878,0.6878,0.6689,0.6527,0.6413,0.6357,0.6357,0.6209,0.5304,0.5145,0.4474,0.2994,0.281,0.2727,0.2727,0.2727,0.2585,0.2585,0.2732,0.2732,0.2689
0.2261,0.2259,0.2257,0.2256,0.2255,0.2255,0.2255,0.2255,0.2255,0.2255,0.2255,0.2255,0.2255,0.2255,0.3314,0.4177,0.5129,0.6036,0.6615,0.6615,0.6615,0.6586,0.6586,0.6468,0.6468,0.649,0.649,0.6418,0.6418,0.6343,0.6302,0.6085,0.5749,0.5228,0.5188,0.4112,0.3438,0.3332,0.2991,0.2991,0.2991,0.2918,0.2831,0.2767,0.266,0.2374
0.1792,0.1788,0.1785,0.1783,0.1782,0.1781,0.1781,0.1781,0.1781,0.1781,0.1781,0.1781,0.1781,0.1781,0.3211,0.4703,0.5773,0.6051,0.6442,0.6442,0.6416,0.6397,0.6397,0.6459,0.6758,0.6758,0.6526,0.6457,0.6038,0.5989,0.5829,0.5829,0.5777,0.5703,0.5052,0.3359,0.3043,0.2563,0.2484,0.2308,0.2308,0.2308,0.2315,0.2326,0.2326,0.2326
0.2929,0.2928,0.2928,0.2927,0.2927,0.2927,0.2927,0.2927,0.2927,0.2927,0.2927,0.2927,0.2927,0.2927,0.3031,0.3871,0.5027,0.5592,0.5694,0.5797,0.6066,0.6066,0.6066,0.6372,0.6372,0.6283,0.6213,0.6124,0.6079,0.596,0.5681,0.5627,0.5465,0.511,0.4515,0.4123,0.3098,0.3049,0.2984,0.2963,0.292,0.2708,0.2563,0.2563,0.2639,0.2639
0.1642,0.1641,0.164,0.164,0.164,0.164,0.164,0.164,0.164,0.164,0.164,0.164,0.164,0.164,0.3102,0.4886,0.6116,0.6354,0.6523,0.6662,0.7201,0.7201,0.6977,0.6977,0.7062,0.7105,0.7151,0.7151,0.7151,0.714,0.6392,0.6329,0.6329,0.6329,0.5812,0.4063,0.2686,0.2332,0.23,0.225,0.2096,0.1935,0.1935,0.196,0.2023,0.2128
0.2795,0.2795,0.2619,0.2551,0.2551,0.2551,0.2553,0.2556,0.2561,0.257,0.2581,0.2605,0.2624,0.2701,0.3441,0.4682,0.5744,0.6073,0.6117,0.6161,0.6425,0.6818,0.6818,0.6651,0.6651,0.6713,0.6713,0.6436,0.638,0.6047,0.6047,0.6047,0.5582,0.5266,0.5148,0.3965,0.2546,0.2482,0.2468,0.2468,0.2404,0.2404,0.247,0.247,0.2333,0.2315
0.2573,0.2573,0.2573,0.2573,0.2573,0.2573,0.2573,0.2573,0.2573,0.2573,0.2573,0.2572,0.2572,0.2572,0.3179,0.478,0.5826,0.6417,0.6417,0.6417,0.6499,0.6673,0.6764,0.6839,0.6904,0.6904,0.686,0.6668,0.6657,0.6632,0.634,0.6205,0.6205,0.6205,0.5594,0.4249,0.3393,0.3073,0.2893,0.2873,0.2873,0.264,0.264,0.271,0.2729,0.2813
0.2843,0.2841,0.2839,0.2838,0.2837,0.2837,0.2837,0.2837,0.2837,0.2837,0.2837,0.2837,0.2837,0.2837,0.348,0.4441,0.5305,0.6313,0.6568,0.6568,0.6307,0.6288,0.6288,0.6692,0.6693,0.6693,0.6695,0.6695,0.6574,0.6446,0.6351,0.6351,0.6145,0.5939,0.5435,0.4574,0.3705,0.3377,0.3338,0.3157,0.3157,0.3133,0.3133,0.3133,0.3089,0.3083
0.1901,0.1892,0.1885,0.1881,0.1879,0.1877,0.1876,0.1875,0.1875,0.1875,0.1875,0.1875,0.1875,0.1875,0.2689,0.4595,0.5881,0.6273,0.6559,0.6559,0.6453,0.6435,0.6435,0.6435,0.6682,0.685,0.685,0.676,0.6579,0.6443,0.6308,0.6205,0.5943,0.5435,0.5269,0.4351,0.3304,0.3018,0.2973,0.2928,0.2887,0.262,0.262,0.262,0.2517,0.2517
0.2647,0.2647,0.2648,0.2649,0.265,0.2653,0.2656,0.2662,0.267,0.2684,0.2702,0.2742,0.2774,0.2902,0.3755,0.4506,0.5132,0.5706,0.5843,0.6003,0.6023,0.6209,0.6214,0.6474,0.6474,0.6179,0.6179,0.6179,0.6179,0.6118,0.6073,0.5909,0.526,0.4923,0.4852,0.366,0.3269,0.3168,0.3159,0.3151,0.313,0.31,0.3087,0.3076,0.306,0.2783
0.2684,0.2684,0.2684,0.2684,0.2683,0.2683,0.2682,0.2681,0.2679,0.2675,0.2671,0.2662,0.2655,0.2655,0.3113,0.3861,0.4972,0.5608,0.5673,0.5886,0.5942,0.6056,0.6294,0.6362,0.6569,0.6569,0.6569,0.626,0.5973,0.5649,0.5648,0.5644,0.551,0.4997,0.4989,0.4072,0.3187,0.3021,0.3011,0.2973,0.2962,0.2962,0.2896,0.2896,0.2896,0.2792
0.2891,0.2891,0.2891,0.2892,0.2892,0.2893,0.2894,0.2896,0.2899,0.2904,0.2911,0.2925,0.2936,0.2982,0.358,0.4553,0.5695,0.5785,0.5815,0.5936,0.6658,0.6716,0.6875,0.6875,0.6751,0.6628,0.6628,0.6761,0.6761,0.6385,0.6343,0.6284,0.5705,0.5705,0.5705,0.4201,0.3688,0.3256,0.3228,0.3225,0.3162,0.3089,0.3021,0.2953,0.2953,0.2966
0.1881,0.1875,0.187,0.1867,0.1865,0.1864,0.1863,0.1863,0.1863,0.1863,0.1863,0.1863,0.1863,0.1863,0.3135,0.4872,0.5962,0.6455,0.7611,0.7611,0.6695,0.6695,0.6695,0.6608,0.6608,0.6819,0.6819,0.6782,0.6748,0.6637,0.6548,0.6492,0.6074,0.5983,0.5558,0.4327,0.3004,0.2813,0.2813,0.2813,0.28,0.2714,0.2706,0.2698,0.2367,0.2315
0.2468,0.2468,0.2468,0.2469,0.247,0.2471,0.2474,0.2477,0.2483,0.2492,0.2504,0.253,0.2551,0.2634,0.3412,0.4882,0.5722,0.5943,0.6022,0.6309,0.6336,0.6613,0.6866,0.6866,0.6782,0.6728,0.6728,0.6728,0.7462,0.7462,0.635,0.6285,0.6052,0.5548,0.5496,0.4339,0.3065,0.2666,0.2549,0.252,0.252,0.2139,0.2139,0.2164,0.2168,0.2427
0.2433,0.2433,0.2433,0.2433,0.2434,0.2435,0.2437,0.2439,0.2443,0.245,0.2459,0.2478,0.2493,0.2553,0.3299,0.498,0.6291,0.658,0.6635,0.6646,0.6798,0.6798,0.6798,0.6973,0.7027,0.7027,0.6946,0.6916,0.6916,0.6894,0.6873,0.6609,0.6574,0.6537,0.5959,0.4586,0.2887,0.2552,0.2552,0.2557,0.2557,0.2326,0.2275,0.2275,0.2474,0.2478
0.1924,0.1914,0.1907,0.1902,0.1899,0.1897,0.1896,0.1895,0.1895,0.1895,0.1895,0.1895,0.1895,0.1895,0.2795,0.4852,0.6143,0.6183,0.6214,0.6245,0.6722,0.688,0.688,0.688,0.6891,0.6921,0.6921,0.6921,0.6582,0.6516,0.6516,0.6458,0.6404,0.6178,0.578,0.4405,0.3388,0.3205,0.3112,0.3101,0.2973,0.2665,0.2665,0.2665,0.2517,0.2492
0.2906,0.2905,0.2904,0.2904,0.2904,0.2904,0.2904,0.2904,0.2904,0.2904,0.2904,0.2904,0.2904,0.2904,0.3481,0.4456,0.5531,0.6169,0.6372,0.6372,0.6313,0.6313,0.6475,0.662,0.6745,0.6745,0.6596,0.6477,0.6477,0.647,0.647,0.647,0.647,0.6079,0.5514,0.4576,0.354,0.3374,0.3271,0.3103,0.3067,0.305,0.305,0.3054,0.3054,0.277
0.2501,0.2471,0.2459,0.2449,0.2443,0.2439,0.2437,0.2435,0.2434,0.2433,0.2433,0.2433,0.2433,0.2433,0.2958,0.4073,0.553,0.58,0.6003,0.6206,0.6701,0.6776,0.7028,0.7028,0.7028,0.7028,0.7006,0.7006,0.65,0.6372,0.6372,0.6244,0.623,0.5827,0.5571,0.4309,0.2943,0.2703,0.2614,0.2579,0.2579,0.2564,0.2564,0.2564,0.2461,0.2293
0.2144,0.2145,0.2145,0.2146,0.2147,0.2148,0.2151,0.2155,0.2161,0.2171,0.2184,0.2213,0.2236,0.2329,0.3287,0.4772,0.6046,0.666,0.7212,0.7212,0.7151,0.7084,0.6913,0.6913,0.6923,0.6923,0.6871,0.6738,0.6537,0.6336,0.6188,0.615,0.5927,0.5899,0.4993,0.382,0.2912,0.2763,0.2703,0.2546,0.2386,0.2135,0.2075,0.2016,0.2016,0.2283
0.2504,0.2504,0.2504,0.2504,0.2504,0.2505,0.2505,0.2506,0.2507,0.2509,0.2512,0.2518,0.2523,0.2543,0.3441,0.5142,0.6186,0.6598,0.6903,0.6903,0.6854,0.6854,0.6964,0.705,0.705,0.705,0.705,0.6989,0.6978,0.6727,0.6708,0.6671,0.6633,0.6377,0.5591,0.4542,0.3423,0.2866,0.2821,0.2821,0.2821,0.2753,0.2753,0.2758,0.2762,0.2765
0.2599,0.2599,0.2599,0.2599,0.26,0.26,0.26,0.26,0.26,0.26,0.26,0.26,0.26,0.2601,0.3044,0.4445,0.5868,0.6376,0.805,0.805,0.7581,0.7112,0.7053,0.6864,0.6864,0.6844,0.6844,0.6844,0.6844,0.6726,0.6673,0.6566,0.6187,0.5831,0.5805,0.4407,0.3034,0.2859,0.2819,0.2786,0.2784,0.2784,0.2709,0.2709,0.2635,0.2412
0.2781,0.2781,0.2781,0.2781,0.2781,0.2781,0.2781,0.2781,0.2781,0.2781,0.2781,0.2781,0.2781,0.2781,0.3254,0.4461,0.5231,0.5728,0.5832,0.5937,0.6168,0.6168,0.6312,0.6324,0.6324,0.6302,0.6302,0.6302,0.6413,0.6413,0.5885,0.5788,0.5482,0.4773,0.4736,0.3809,0.2994,0.2907,0.2907,0.2907,0.2908,0.2908,0.2795,0.267,0.2667,0.2667
0.2771,0.2771,0.2772,0.2772,0.2772,0.2772,0.2772,0.2772,0.2772,0.2772,0.2772,0.2772,0.2772,0.2772,0.2907,0.4942,0.5804,0.6587,0.6963,0.6963,0.6629,0.6557,0.6496,0.6445,0.6445,0.6863,0.6863,0.6736,0.6453,0.6225,0.6164,0.6159,0.6107,0.5998,0.589,0.433,0.3231,0.304,0.3006,0.2973,0.2971,0.2901,0.2805,0.2805,0.2687,0.2644
0.1856,0.1854,0.1853,0.1852,0.1851,0.1851,0.1851,0.1851,0.1851,0.1851,0.1851,0.1851,0.1851,0.1851,0.3111,0.4049,0.489,0.5059,0.5116,0.5342,0.5984,0.5988,0.6105,0.6127,0.6242,0.6242,0.6065,0.5679,0.5679,0.5697,0.5711,0.5711,0.5532,0.4539,0.4525,0.3918,0.2794,0.255,0.2548,0.2547,0.2518,0.2487,0.2473,0.2472,0.242,0.242
0.2657,0.2635,0.263,0.2623,0.262,0.2617,0.2616,0.2615,0.2614,0.2614,0.2614,0.2614,0.2614,0.2614,0.36,0.4976,0.584,0.5981,0.6038,0.6209,0.6265,0.689,0.689,0.689,0.689,0.689,0.6812,0.6491,0.6356,0.6198,0.6198,0.6358,0.6358,0.5574,0.5133,0.3872,0.306,0.272,0.2555,0.2555,0.2555,0.2629,0.2629,0.242,0.2391,0.2371
0.2295,0.2295,0.2295,0.2296,0.2297,0.2299,0.2302,0.2306,0.2312,0.2323,0.2337,0.2367,0.2391,0.2488,0.3371,0.5152,0.5882,0.6528,0.6528,0.6528,0.6633,0.6809,0.6809,0.6884,0.6941,0.7027,0.7027,0.6716,0.6683,0.653,0.6346,0.6313,0.6151,0.5683,0.5681,0.3993,0.2853,0.2606,0.2526,0.2446,0.2323,0.2323,0.2381,0.244,0.2502,0.2579
0.2384,0.2385,0.2385,0.2386,0.2388,0.239,0.2394,0.24,0.2408,0.2423,0.2442,0.2483,0.2516,0.2649,0.3285,0.4568,0.548,0.6152,0.6182,0.6213,0.6512,0.6784,0.6784,0.66,0.66,0.6769,0.6769,0.6475,0.6438,0.6322,0.5953,0.5809,0.5729,0.569,0.5612,0.4206,0.3179,0.296,0.2949,0.2911,0.2747,0.2651,0.2561,0.2472,0.2458,0.2458
0.2897,0.2897,0.2897,0.2897,0.2897,0.2897,0.2896,0.2895,0.2893,0.289,0.2887,0.2879,0.2873,0.2873,0.3441,0.4384,0.5356,0.6053,0.6433,0.6433,0.6433,0.6647,0.6647,0.6622,0.6622,0.6644,0.6644,0.6499,0.6497,0.6378,0.6288,0.6198,0.5637,0.5611,0.5236,0.394,0.3308,0.3176,0.3046,0.3034,0.3003,0.3003,0.2922,0.2922,0.2894,0.2826
0.2571,0.2571,0.2571,0.2572,0.2572,0.2573,0.2575,0.2577,0.258,0.2586,0.2593,0.2608,0.2621,0.2671,0.3329,0.4284,0.5023,0.5746,0.5781,0.5822,0.6015,0.6105,0.6315,0.6403,0.6403,0.6317,0.6235,0.6235,0.6247,0.6247,0.5758,0.5721,0.5301,0.4759,0.4578,0.4298,0.3341,0.2836,0.2819,0.2819,0.2802,0.2669,0.2636,0.2502,0.2124,0.2122
0.2291,0.2291,0.2291,0.2292,0.2293,0.2295,0.2297,0.2301,0.2307,0.2317,0.233,0.2358,0.238,0.247,0.3116,0.4919,0.6152,0.6219,0.6266,0.6307,0.666,0.6963,0.7018,0.7018,0.6916,0.6916,0.6916,0.7059,0.7176,0.7258,0.7258,0.6685,0.6095,0.589,0.58,0.4875,0.3301,0.2781,0.2678,0.2658,0.2652,0.2301,0.2301,0.2301,0.2301,0.2265
0.2307,0.2308,0.2308,0.2309,0.2311,0.2313,0.2316,0.2321,0.2328,0.2342,0.2358,0.2395,0.2424,0.2542,0.3391,0.4819,0.5676,0.6136,0.6519,0.6519,0.6437,0.6437,0.6558,0.6558,0.6558,0.6558,0.6692,0.6692,0.6692,0.6367,0.6157,0.5831,0.5612,0.5448,0.5285,0.3823,0.3095,0.2766,0.2535,0.2492,0.2319,0.1864,0.1864,0.2233,0.2271,0.2293
0.2508,0.2507,0.2507,0.2507,0.2507,0.2507,0.2507,0.2507,0.2507,0.2507,0.2507,0.2507,0.2507,0.2507,0.3517,0.5459,0.6188,0.6583,0.6948,0.6948,0.6906,0.6906,0.693,0.7034,0.7073,0.7073,0.6882,0.6882,0.6865,0.6768,0.6598,0.6485,0.6178,0.5521,0.5098,0.4247,0.2875,0.2644,0.2644,0.2686,0.2686,0.2596,0.2498,0.2449,0.2449,0.2449
0.2567,0.256,0.2555,0.2552,0.255,0.2549,0.2548,0.2548,0.2548,0.2548,0.2548,0.2548,0.2548,0.2548,0.309,0.4821,0.5747,0.6252,0.6364,0.6364,0.6357,0.6357,0.6501,0.6677,0.6677,0.6584,0.628,0.6255,0.5986,0.5836,0.5676,0.5641,0.5613,0.5377,0.5374,0.403,0.3507,0.3382,0.3316,0.3075,0.2979,0.2974,0.2898,0.2643,0.2632,0.2576
0.2307,0.2307,0.2308,0.2308,0.2309,0.231,0.2312,0.2315,0.2319,0.2327,0.2337,0.2359,0.2377,0.2447,0.303,0.4993,0.5979,0.6481,0.6851,0.6851,0.6612,0.6602,0.6602,0.6602,0.6675,0.6755,0.6755,0.6755,0.6687,0.661,0.6303,0.6241,0.5832,0.5529,0.5272,0.4072,0.3021,0.2686,0.2686,0.2739,0.2739,0.2713,0.2675,0.2637,0.253,0.2477
0.2492,0.2492,0.2492,0.2492,0.2492,0.2492,0.2492,0.2492,0.2492,0.2492,0.2492,0.2492,0.2492,0.2492,0.3313,0.4345,0.5641,0.5815,0.5945,0.6076,0.6423,0.6547,0.6547,0.6618,0.6689,0.6853,0.6853,0.6714,0.6714,0.6588,0.6588,0.6363,0.5979,0.5469,0.5421,0.4567,0.3184,0.2736,0.264,0.2548,0.2533,0.2525,0.2525,0.259,0.259,0.255
0.2905,0.2906,0.2906,0.2907,0.2907,0.2907,0.2907,0.2907,0.2907,0.2907,0.2907,0.2907,0.2907,0.2908,0.3566,0.5441,0.6301,0.6749,0.7142,0.7142,0.708,0.7074,0.7074,0.7137,0.7228,0.7228,0.6888,0.6888,0.6807,0.6656,0.6656,0.6477,0.6161,0.5963,0.5766,0.4616,0.3134,0.2878,0.2787,0.2787,0.2787,0.2498,0.2498,0.2505,0.2569,0.2569
0.2102,0.2102,0.2102,0.2103,0.2104,0.2106,0.2108,0.2112,0.2118,0.2128,0.2141,0.2169,0.2192,0.2282,0.3389,0.4519,0.5771,0.592,0.6032,0.6144,0.6463,0.6522,0.6685,0.6685,0.6848,0.6848,0.681,0.6596,0.6354,0.6221,0.6221,0.6221,0.585,0.5386,0.5339,0.3973,0.2919,0.249,0.249,0.248,0.248,0.2406,0.2372,0.2372,0.2372,0.2395
0.2619,0.2618,0.2617,0.2617,0.2617,0.2617,0.2617,0.2617,0.2617,0.2617,0.2617,0.2617,0.2617,0.2617,0.3152,0.4378,0.5448,0.5565,0.5605,0.5762,0.6471,0.668,0.6693,0.6693,0.6813,0.6813,0.6813,0.6444,0.6444,0.6444,0.6085,0.6046,0.5559,0.5327,0.5247,0.4096,0.3231,0.2955,0.2929,0.2903,0.2707,0.2707,0.2731,0.2731,0.2722,0.2714
0.2545,0.2541,0.254,0.2538,0.2538,0.2537,0.2537,0.2537,0.2537,0.2537,0.2537,0.2537,0.2537,0.2537,0.3355,0.4457,0.4842,0.4842,0.4842,0.5486,0.684,0.6856,0.694,0.694,0.6938,0.681,0.6696,0.6669,0.6433,0.6433,0.6482,0.6482,0.6135,0.5688,0.5581,0.3944,0.3297,0.2682,0.2627,0.2598,0.2573,0.2554,0.2554,0.2592,0.2592,0.2431
0.2647,0.2645,0.2645,0.2644,0.2644,0.2644,0.2644,0.2644,0.2644,0.2644,0.2644,0.2644,0.2644,0.2644,0.3093,0.4519,0.5702,0.6409,0.6937,0.6937,0.6924,0.6859,0.6859,0.6884,0.7096,0.7096,0.7028,0.6964,0.6796,0.676,0.6662,0.6511,0.6135,0.5683,0.5612,0.4163,0.3371,0.294,0.2933,0.2933,0.2928,0.2928,0.2797,0.2757,0.2712,0.2712
0.1867,0.1866,0.1865,0.1865,0.1865,0.1865,0.1865,0.1865,0.1865,0.1865,0.1865,0.1865,0.1865,0.1865,0.305,0.3637,0.4726,0.5136,0.5334,0.576,0.6127,0.6457,0.6457,0.6413,0.6413,0.6413,0.6411,0.5982,0.5982,0.5982,0.5733,0.5715,0.5353,0.451,0.4279,0.3548,0.265,0.2363,0.2363,0.2391,0.2391,0.212,0.212,0.2152,0.2152,0.199
0.2839,0.284,0.2841,0.2842,0.2844,0.2848,0.2853,0.2862,0.2874,0.2897,0.2924,0.2989,0.303,0.3248,0.3979,0.5394,0.5807,0.6041,0.6446,0.6446,0.6446,0.6398,0.6387,0.6387,0.6571,0.6879,0.6879,0.6442,0.6442,0.6286,0.6096,0.6096,0.6096,0.5928,0.5524,0.4162,0.3514,0.3379,0.3184,0.3184,0.32,0.32,0.3146,0.314,0.3029,0.3027
0.2728,0.2728,0.2728,0.2728,0.2728,0.2728,0.2728,0.2727,0.2727,0.2727,0.2727,0.2727,0.2727,0.2737,0.2834,0.4111,0.5255,0.5678,0.5888,0.6,0.6404,0.6591,0.6591,0.6706,0.6706,0.6677,0.6622,0.6501,0.6501,0.6365,0.6209,0.5845,0.5604,0.5381,0.5307,0.4219,0.346,0.3234,0.2878,0.2787,0.2787,0.2787,0.2802,0.2802,0.271,0.2453
0.2409,0.2409,0.2409,0.2409,0.2409,0.2409,0.241,0.2411,0.2413,0.2416,0.242,0.2428,0.2435,0.2461,0.3408,0.4738,0.494,0.494,0.494,0.567,0.7095,0.7095,0.7076,0.7031,0.7014,0.6998,0.6998,0.6586,0.6527,0.6527,0.6558,0.6558,0.617,0.572,0.5368,0.4334,0.3074,0.2853,0.2824,0.2697,0.2641,0.2568,0.2527,0.2487,0.2471,0.2471
0.2059,0.2053,0.2049,0.2047,0.2045,0.2044,0.2043,0.2043,0.2043,0.2043,0.2043,0.2043,0.2043,0.2043,0.3421,0.4719,0.5654,0.608,0.6237,0.6329,0.6329,0.6329,0.6595,0.6633,0.6633,0.6858,0.6858,0.6565,0.6147,0.6147,0.6213,0.6213,0.5833,0.5571,0.5567,0.3883,0.3036,0.2764,0.2755,0.2755,0.2747,0.256,0.2513,0.2401,0.2371,0.2371
0.2875,0.2875,0.2875,0.2875,0.2876,0.2877,0.2878,0.288,0.2884,0.2887,0.2898,0.2898,0.2901,0.2958,0.32,0.4067,0.5022,0.5567,0.5649,0.5847,0.6163,0.6307,0.6401,0.6432,0.6432,0.6432,0.6318,0.6124,0.6005,0.5999,0.5999,0.5858,0.5486,0.4838,0.4743,0.4115,0.3249,0.3029,0.3029,0.3051,0.3051,0.2896,0.2896,0.2915,0.2915,0.2915
0.2233,0.2234,0.2235,0.2237,0.2239,0.2243,0.2248,0.2258,0.2271,0.2295,0.2325,0.2391,0.2444,0.2655,0.3832,0.5103,0.6058,0.6649,0.6649,0.6649,0.6758,0.6917,0.7138,0.7138,0.7138,0.7053,0.6977,0.6977,0.6986,0.6986,0.6754,0.6715,0.6544,0.6204,0.5826,0.4395,0.3185,0.2822,0.2767,0.2661,0.2628,0.2487,0.2487,0.2559,0.2589,0.259
0.2225,0.2225,0.2226,0.2227,0.2228,0.2231,0.2235,0.2242,0.2251,0.2268,0.2289,0.2336,0.2373,0.2522,0.318,0.4656,0.6001,0.6721,0.6721,0.6721,0.6868,0.6997,0.7084,0.7124,0.7155,0.7155,0.7155,0.7017,0.7017,0.6947,0.6653,0.6426,0.6405,0.6214,0.5751,0.4193,0.3168,0.2791,0.2791,0.2788,0.278,0.278,0.2644,0.2572,0.2572,0.2572
0.2715,0.2714,0.2713,0.2713,0.2713,0.2713,0.2713,0.2713,0.2713,0.2713,0.2713,0.2713,0.2713,0.2713,0.3194,0.4208,0.5171,0.5322,0.5373,0.5575,0.6249,0.6249,0.6134,0.6134,0.6171,0.6234,0.625,0.6355,0.6486,0.6486,0.5835,0.5759,0.5623,0.48,0.4693,0.3591,0.2985,0.2872,0.2846,0.2846,0.2854,0.2854,0.2663,0.2415,0.163,0.1604
